file_id,path,size_bytes,lang,sha256
F00000,.github/workflows/ci.yml,969,ci-config,c99480a4e8f4b3d6a31f7d0b7df803291d1c6336003401b880bd2607d76799f4
F00001,.github/workflows/dashboard2026.yml,2317,ci-config,7aab991842a3f21a6d2cafdde745a5e127dcb062dabc3f94af07046a0dceab06
F00002,.github/workflows/rust_revival_reminder.yml,1488,ci-config,4ed6081382dc05c87a7bef3de74d2f1ef3b275900766b2da1ba7813526ed9008
F00003,.gitignore,619,unknown,19dcd9a13956526675390d54216bda8227f127c57247cc092cde71995b33518d
F00004,README.md,4718,markdown,08bf83c44687e3ac9a0f9ece8bdbb39430d9e2b8233fb2b0701f32dee5f862da
F00005,contracts/events.proto,6746,protobuf,c991aa2222d82ee94ecc6454bb57d28ce4fdd4d3c9432f762d620862a306f229
F00006,core/__init__.py,125,python,9ff16df0d7a0936d23036486fc9178ac611e1991e262cd2d4edfbddba8156a11
F00007,core/cognitive_router/__init__.py,1787,python,385d4b4b1d12f6775da066657de2245a46958ecea70830c0d27b3d1b427206f0
F00008,core/cognitive_router/router.py,3363,python,b9ea1c4cb20069c6d62e32cfff431178cf24b31ee46766e1a754574f4f78e86e
F00009,core/cognitive_router/task_class.py,4545,python,28ad77bd9a4f8d6282a3fe34ccc216165c93bcf0df528028015054d82716464d
F00010,core/coherence/__init__.py,1668,python,4bac268cf75556805e4eb59db1793034e1055fef8c6db692478f641970333a6d
F00011,core/coherence/belief_state.py,7457,python,b1eef6ffd3b6e79f4ad528d13d17ec8e279e3b93d9d131dc7c4eb82151f18361
F00012,core/coherence/decision_trace.py,14879,python,b9e271db952f62912e4b2c5fd300699386c10d13b580e846eafef91eddc6d0b7
F00013,core/coherence/performance_pressure.py,11122,python,6f20d1f11e5edb6985b138c002ce055229b64f2f48dc74fe617723f8748c0eaa
F00014,core/coherence/system_intent.py,7040,python,b4b5fc01c59c661189bd72c27a13b13716102279e81e9f7cf0d315ca1462cffe
F00015,core/constraint_engine/__init__.py,627,python,278d5326fd635d03c96e9f9e8c2198b5caacacfec97c24b2a1c8b68814bec824
F00016,core/constraint_engine/compiler.py,10318,python,952453f738f2e4af4186137e79bef6bccbb23b5c7d05a0b1b18372000f3e2f72
F00017,core/constraint_engine/expr.py,8189,python,c6218a6d9e87c76bd61c94fb317b97d88f2fdcd05b40ab674f45222cd4c44d9a
F00018,core/contracts/__init__.py,997,python,65432f5049862fa10c211f5f1cf5c710bcd7da3036e5b212aff17bfd85fa6472
F00019,core/contracts/api/__init__.py,0,python,e3b0c44298fc1c149afbf4c8996fb92427ae41e4649b934ca495991b7852b855
F00020,core/contracts/api/cognitive_chat.py,6354,python,e854860012d483a63647116b97064bf7021f20c456f6cdd87cde1a6c7aceb9e8
F00021,core/contracts/api/cognitive_chat_approvals.py,8656,python,307d622215269c707eacbaff34e4eb7289e479c47c156be14fb8c2c9d1b50731
F00022,core/contracts/api/credentials.py,2080,python,6e25323d559ce196d639adc34f815fb09cb293cb4b4f56bffa21969d9bddeab4
F00023,core/contracts/api/operator.py,3713,python,c136e2c30ff8e39958692df4759723b02f4bf40e70ca5baf22c3f74fa77dc742
F00024,core/contracts/decision_trace.py,14057,python,4f9855d015daaa9bba60050f2628acbdb02266dc0456e066e1193234ed14c7f9
F00025,core/contracts/engine.py,6553,python,3f6221a0ccaba4ae0e42955578ff76a4869d4a689d52f0e23c39c75b0e670d09
F00026,core/contracts/event_provenance.py,7802,python,9b7474d70fcbffee85644ed0e228d2f280a9f647111fbc85bedbe9217ffb3e0b
F00027,core/contracts/events.py,13919,python,ce06a56385ef66a7164037ce6361bdf783df21da9fbe0143ef1fcd7d3776b218
F00028,core/contracts/execution_intent.py,12766,python,d0d6958358e7225d165050568db1ff04cbc15d47f0f95c74c451f7dae7391d67
F00029,core/contracts/governance.py,10357,python,33be473304d98a69fdc3373a128a16b8e08a7931b066654d6d02fa37371f8411
F00030,core/contracts/launches.py,3000,python,23d6d86dd08c7b7a95fb305f54bcfd94e8757fdf7b01b290b78301edbe9084cf
F00031,core/contracts/learning.py,2699,python,ebcd61b13b4eaf83bb204a6011531ad5962f87bbb11d758b6ee935ff7fc3028b
F00032,core/contracts/learning_evolution_freeze.py,4930,python,4958475b6b02c1824f78b08dbd86af688ff9824fc1d5aa641b36fb7e5cb8af71
F00033,core/contracts/learning_sink.py,2128,python,57bb8f8a3f0a84022521ec8cce84a9e63b635f2aebcb3aa6c61945fc99e9ca86
F00034,core/contracts/macro.py,3999,python,a477c6cde5cadef578c70cef2bc6ccfc9f6ba518199c898a6f9a6bad998156cd
F00035,core/contracts/market.py,1609,python,f16a9ff81bc119daafd08d82bc2a777dd3f0209bc249d5bb95f049681f1f6241
F00036,core/contracts/mode_effects.py,10837,python,6a477427c5d1c2ecad6082c384f92c58455bd65b49db3f76eebf78ce458dc7e0
F00037,core/contracts/news.py,2891,python,20538d2ec897151b7f1ef89b3f85592a5b5553a3e2d59f1cf2541fb5688766fe
F00038,core/contracts/operator_consent.py,13779,python,0e2815ea99c93efa96581e0450c0a3ba1d986beed5fd00258a06efdaf9ba8065
F00039,core/contracts/patch.py,6038,python,57d8e37c2e06fb47be54bd88e14ac9c4a17ca01ee37adf63fb72fcb21884aa36
F00040,core/contracts/risk.py,1773,python,5042031b5d3248e5e676701d4ea0277cd18d1775c16668765a3107a207921657
F00041,core/contracts/strategy_registry.py,6079,python,98112f402f5734a9ddfca40a2e153ab048b3faae826fb76492c340a7950fbfe7
F00042,core/contracts/trader_intelligence.py,12840,python,4cd48f9e450ad53b42c8b2051e9bb5a98d33253eddcf36e8f6bd7ac3de574fb9
F00043,dash_meme/.gitignore,91,unknown,e8a9efb1681684f108f4a29a4df2904e12062242636d6428958ed7fddd41cf2f
F00044,dash_meme/eslint.config.js,896,js,277902686733e05efb621ff81021b47da5c54dd6969a8188511689800d68e4ae
F00045,dash_meme/index.html,364,html,22cb0dfa11385f8423a7cd7c96d20e2c9b142cf00c64b92ba8967689e3b4c704
F00046,dash_meme/package-lock.json,141719,json,d24efefff555d95e72cd680afc7fb85caa661e5d668a6c250db7b66eece4eb8c
F00047,dash_meme/package.json,1131,json,6a919d7dc6e4804d5f6612d4fc7e95b7670333685a87d9ed3911b6da3afdce47
F00048,dash_meme/postcss.config.js,81,js,e32657baf631d7c5f4dc67b4b2ee0ec8e7d5b3c41860e09cddce7c0377cd80bc
F00049,dash_meme/src/App.tsx,2147,tsx,604634d1713435ded93fb52dade5fe9eb9aab8d922f700183c70f96d42a83db2
F00050,dash_meme/src/api/base.ts,1872,ts,befd5fe5243916151f063e2fea501e835f8a4248a592635163ab848c65d76d29
F00051,dash_meme/src/api/feeds.ts,2897,ts,7f82eb442ea5a5554d045e5395148eb078b6401290ab55866edae91acde356d1
F00052,dash_meme/src/api/intent.ts,1759,ts,08e29bdef452fd4b9dacfe5270b40a9d46a95a2e1b548db830deb4d5aa5f7444
F00053,dash_meme/src/components/HoldersPanel.tsx,2805,tsx,9877165c1d0b99ccc770928542ce6e6a6bec7737d9156bed883043fb6924d5a4
F00054,dash_meme/src/components/HotPairsTicker.tsx,3455,tsx,69b81cef505fa80fbe106694bc768f00952ec332e7181e68715c03cb2fc53c6b
F00055,dash_meme/src/components/Panel.tsx,777,tsx,67dd34e4d3b46245f98a490f359a85df425f0e0dc7800ef1f5e0a0459153bc07
F00056,dash_meme/src/components/PriceChart.tsx,3191,tsx,689490f4f41780622dc791fcabee3d7bb24b5dda8d78596cf94fe4653903310d
F00057,dash_meme/src/components/RugScoreCard.tsx,3690,tsx,b94d9af30d3cd26e3bea5448f47ba33b58488d3c4a15ec748a39672acc91f3f9
F00058,dash_meme/src/components/Sidebar.tsx,2559,tsx,8e39d35a9c995e8279c215e3c9069c74f1bdd219e5193606fa4f5b0e25eec602
F00059,dash_meme/src/components/StatusPill.tsx,730,tsx,97cb92e10aec0188c869b17c096a37ea995d290e7de10c6fc9d59e6b67cbbdf6
F00060,dash_meme/src/components/ToastHost.tsx,976,tsx,16d5a623f065d14de83f7ab34e0c967c1aac4ebc6f7fdabb179fc0472c11a77c
F00061,dash_meme/src/components/TopBar.tsx,4885,tsx,3cacfb90fc7b0e02bd650e16781685298323b93c287c1945ea40f2cf955dfdfe
F00062,dash_meme/src/components/TradeForm.tsx,6341,tsx,5ff5a1df24a448398c9be71592530192361cc547e3e00a9516e0032aaa47a46b
F00063,dash_meme/src/components/TxFeed.tsx,4252,tsx,77e533cc29be131dce537d7889e48aaa41d8896e3bba60993e5a670c220d96c0
F00064,dash_meme/src/index.css,1810,css,183879d4963739f5f0c7875bb01c8aecec4b9b4e6151d7c47194af2afbcb50a2
F00065,dash_meme/src/main.tsx,867,tsx,f5c1d4206530a6b08cbbcedd4c719952aa9b6d2f3a3c71e5a107b74ab326e05c
F00066,dash_meme/src/pages/BigSwapPage.tsx,5259,tsx,df1a065b417f36d4c25fee6e7aeffcfa76bb5c8781d1e25e17cb4ce86598f797
F00067,dash_meme/src/pages/CopyTradingPage.tsx,8517,tsx,5d4a6bbe96bf53d725f021e2254ffc784102d51203630c7f651b1b20d6a064db
F00068,dash_meme/src/pages/MultichartPage.tsx,4229,tsx,ad8fd868421d6b503cb34e7dfd4271d3f21455eaf2d49a6d071070efeb1bfe3c
F00069,dash_meme/src/pages/MultiswapPage.tsx,5023,tsx,4ab9769546ae22e277b892fa700d308ebe2b9107b6eee5c2c69991ba106a2999
F00070,dash_meme/src/pages/PairExplorerPage.tsx,4884,tsx,da51185d5f2586f6577bb46127d33f5dbbe03aa47a875f1929577f2265fb4acf
F00071,dash_meme/src/pages/PoolExplorerPage.tsx,6193,tsx,520d84d5fc5f1663c897abad4d76dd28a534d491bb3bc3eb3509b985f779b588
F00072,dash_meme/src/pages/SniperPage.tsx,7273,tsx,db1dabb1b4c7cfb0bee28a806592f3470e835ed1d065f3faa219b7f2cd41d30b
F00073,dash_meme/src/pages/StatsPage.tsx,4830,tsx,f1c344cf9672b46d212593403495527066efa3bc1bfdb71de028686faa553ba1
F00074,dash_meme/src/pages/TradePage.tsx,4371,tsx,ed2c2898fc95ef562e21d7280c112bb1ba1206e4787b68eb366c616313898c05
F00075,dash_meme/src/pages/WalletInfoPage.tsx,3293,tsx,8fd882f7427a4d3639ec66fde0dd02d0c724ae9d4696669a4ae84d695be34e59
F00076,dash_meme/src/router.ts,2238,ts,1bd56a4426f82f14bd16ceab5987ab70ef298681f7cf6502b4f715442a4d9f8d
F00077,dash_meme/src/state/autonomy.ts,1885,ts,6b89725dffb82638a9861cb527b8c296faa442b16efcfb9ddb1f01cb91950e19
F00078,dash_meme/src/state/pair.ts,2023,ts,8e71951007ad7281bb550ac2eea067a447fe9ed8e7b39e2243a79d672ec443ba
F00079,dash_meme/src/state/toast.ts,1275,ts,c996750f5f9541e5d391f12f69a9604bc097d15977d3f279466ae894f949d3f9
F00080,dash_meme/src/theme/tokens.css,4686,css,72cf4ab262daf1fc5e5c458654bf419d6a1a430e3f676a4986d91a0132136364
F00081,dash_meme/tailwind.config.js,1230,js,17dda24a93b4f81d99bb68fb5140a73416a4c1f0d524c4dd51ea244ab93bd68e
F00082,dash_meme/tsconfig.app.json,594,json,d1182a9b371b042a37b2a0b7b608461ad558b7ebaa1d74672788ea0ceada68bf
F00083,dash_meme/tsconfig.json,119,json,770b4140bbb581e2dfd9ea9946ffc9c75a1d86ba7d2db5f77c83e37cbdf9d808
F00084,dash_meme/tsconfig.node.json,358,json,a50276754b36be55ceef4677a4fbe9ffae522098dfdcdb9167de81462c843774
F00085,dash_meme/vite.config.ts,1850,ts,58e9591e9c07dae1f8892544a74a5900c1158e7c6fb94787c39aecae326e8890
F00086,dashboard2026/README.md,2440,markdown,d8573d2ffb028011385620f6789181172d2b87587967853f21c5d709063ca322
F00087,dashboard2026/eslint.config.js,763,js,b4222149d9e9c2325cdcf4837619d7febe5bdb4e89519f320a31c50173b68e0b
F00088,dashboard2026/index.html,357,html,f4a52154f791a63d52967713e20bdea14e1a552c383324b4425b203c131b01b2
F00089,dashboard2026/package-lock.json,145456,json,7e6f6947b77e19e63bed6d1cb146ada5fc6b0e7825a818fb575c425c9fa1b5a3
F00090,dashboard2026/package.json,1165,json,3c3f3d3d48ac06f4a43ec30f235a7d26ce50c12223a8e97772f7c4b25e79bbec
F00091,dashboard2026/postcss.config.js,81,js,e32657baf631d7c5f4dc67b4b2ee0ec8e7d5b3c41860e09cddce7c0377cd80bc
F00092,dashboard2026/src/App.tsx,6516,tsx,defa53d46ac9c15a09e7cf181a99a675e88df2cbe1f3b1f80ee2107b5f7efc54
F00093,dashboard2026/src/api/base.ts,732,ts,a5caa39da88e64a2296f2bd95aee4bb251f66f81f2be098f81b5397e64fb69fc
F00094,dashboard2026/src/api/cognitive_chat.ts,3488,ts,3b77e1ade2364a2b1348924e12b61419b00825183eb99d198658283ef6463617
F00095,dashboard2026/src/api/credentials.ts,836,ts,5a1c54b677aa9279e9f7427fb5ada221c04284aa0a0049e9567e468422b90b5b
F00096,dashboard2026/src/api/dashboard.ts,836,ts,4efe9101a4dc3690adabb149768e470f29799c6d1cc9bf047b6645bd71bd577e
F00097,dashboard2026/src/api/governance.ts,4010,ts,62529087c171477ba5b8a4034c574f75c68357f085f9cf0f07942e4aa3a9646c
F00098,dashboard2026/src/api/operator.ts,1247,ts,62a0ed8aeb137f6a6ef42fb5535b5ad3d5eb134901fc7234df3f66a92c09ec2b
F00099,dashboard2026/src/api/plugins.ts,2036,ts,3524cc2eba2a4a0828bcc86a755cff6da21bea7fe860822c8b0a7cbeabf3db2e
F00100,dashboard2026/src/components/AdapterStatusGrid.tsx,3754,tsx,22eeb34f3ebbb60c73586afa390fe3fe50b023024519d16e5bfeb0c818f4fb99
F00101,dashboard2026/src/components/ApprovalPanel.tsx,6009,tsx,6b19af2a0f80d87fa66a8005e24a506d0c209be20045b5e45c5ab3143eba7ece
F00102,dashboard2026/src/components/AssetGrid.tsx,2948,tsx,0b2636f9fe81193a2d8fbefa4340af779536bb5e3f7e1f08f1f0cdd4e03fedc3
F00103,dashboard2026/src/components/AutonomyRibbon.tsx,2281,tsx,3a53c32f25d52f4534ca2b253f664a6956f43581e3d1d4634630cc56013d3438
F00104,dashboard2026/src/components/CommandPalette.tsx,6801,tsx,f87f3ef2d84262b112a00ff455987fd50a9eafe8e49e3de7ac6b0655e6f65cb4
F00105,dashboard2026/src/components/EngineBucketBadge.tsx,514,tsx,91de59bf0c847c56536165a9f56b5a785d500e5b32e237c65cb5f843d75463b2
F00106,dashboard2026/src/components/HotkeyConfigurator.tsx,4092,tsx,9ea9ea6317ca932be5670a94713f4e39e429ed62836b6425cc250ff501f75d64
F00107,dashboard2026/src/components/LiveStatusPill.tsx,4320,tsx,2fabc1dd3ca0558dc9661b83e340d5ec4525751c42de4490125d51e3053aae9c
F00108,dashboard2026/src/components/ModeRibbon.tsx,4489,tsx,78f4e52a92d4723e0f342ecf066f7e5ac17db1b72c231f079a2ff28d1a5ffea9
F00109,dashboard2026/src/components/PadlockFloors.tsx,2537,tsx,048827ea53efae54372d72463c56c029f038fb831e99d9633f5b1f728ce163ce
F00110,dashboard2026/src/components/PlaceholderWidget.tsx,1922,tsx,53493123d5333c585c3a42516b2b0ed42d3a2b7e58a33828c737bc2f159a67fe
F00111,dashboard2026/src/components/PopoutButton.tsx,979,tsx,84584e5d05a5af8d96502b35030c37b1e8792c643c77394cbf32b11e66688737
F00112,dashboard2026/src/components/PreferencesBar.tsx,2948,tsx,84d974c9517833139acd62147b2445ab5b5764fca10e0c1a169291567d23adb6
F00113,dashboard2026/src/components/PromoteChain.tsx,2360,tsx,78a6a18ebe48e8211967df8062757bc1397096487c382eb1f645b0b286c6ddea
F00114,dashboard2026/src/components/Sidebar.tsx,6644,tsx,bf405a6f2f06ac268092b62adcb297fed1595c4941db0d8922bf0bb2ae58c356
F00115,dashboard2026/src/components/StateBadge.tsx,616,tsx,40a43df31f415509d4700da7dd8f990652b0bf8da52cd7269d53e251513d5328
F00116,dashboard2026/src/components/ToastHost.tsx,1403,tsx,1a6a51c2d8125340e58e360f1786f29ba9bd0a1d65749efa51d671c8a3ad4607
F00117,dashboard2026/src/index.css,2622,css,a580c9b96f2f386bcb40604e36e579f3a9e3eeee3dd86a1e14eb7772cd009064
F00118,dashboard2026/src/lib/fuzzy.ts,1269,ts,ccf116d93ceabf983d0b04d741d4f3642dfe7843551a377a69183bb12d39df18
F00119,dashboard2026/src/main.tsx,857,tsx,9c86429354d0eb55ab832d25d85489f910297e1021f9ce744ba2e41a0e60d8cc
F00120,dashboard2026/src/pages/AIPage.tsx,1937,tsx,73563703b6dcca9671230c1b6ba9330bf327e7c0369d674d304fa38761c48fb7
F00121,dashboard2026/src/pages/ChartingPage.tsx,2779,tsx,057e36b0aab3ef758910aefe193ca9822e1126329b31053a058e8fc8d9deb499
F00122,dashboard2026/src/pages/CognitiveChatPage.tsx,8386,tsx,336b04c3b7cab254c8ac09709ea21b847a973e178551034ecacbd5ad42a7ec2e
F00123,dashboard2026/src/pages/CredentialsPage.tsx,5743,tsx,de786cd35d59e008786bac1910b51b190ee7215b8746066a3d8a35055188da51
F00124,dashboard2026/src/pages/DyonLearningPage.tsx,799,tsx,e8ff0405d8650280869e6b6dee2cd372e589800b61ea51b009adf903eb2b004f
F00125,dashboard2026/src/pages/GovernancePage.tsx,2728,tsx,398964f9408f405df04107c3cce8e294b0fd9c808f56aecc81b07cd7b235ca76
F00126,dashboard2026/src/pages/IndiraLearningPage.tsx,868,tsx,5a680722ac08fc6a77bbec7dec10a7f4476fb4465d897b9783e6292521aec96e
F00127,dashboard2026/src/pages/MarketContextPage.tsx,2139,tsx,6497c35f1199d49bc783e42d60a1a88027651d36af46c43d9785ba902e1c2425
F00128,dashboard2026/src/pages/OnChainPage.tsx,1200,tsx,568f8b9cc209212906517e09597e170d51bb87fb2c9f94ae790bdcf619fda746
F00129,dashboard2026/src/pages/OperatorPage.tsx,11226,tsx,60e744ec8dba37237c25a70e19eab9dc836ade172663a535fec4ef27a477e40e
F00130,dashboard2026/src/pages/OrderFlowPage.tsx,2414,tsx,d81f88f74084de0fa5cf62af118d279d4d31c743c57c5e99a68414380705780e
F00131,dashboard2026/src/pages/PluginsPage.tsx,7293,tsx,86dbc7eb74f336b2573a220e3e3b0c2e6ecc4bfbbbe7a442ebffdffa4fef640d
F00132,dashboard2026/src/pages/PositionsPage.tsx,1750,tsx,c406d0a8f3613f66d43ebf43fa89933e16fbcbcdf4b8a9dab5f449ff3d1b7ada
F00133,dashboard2026/src/pages/RiskPage.tsx,2215,tsx,66945cce52f059e9b22ce444de9b8a187c605fd11344dcedd47f350e0470a9b1
F00134,dashboard2026/src/pages/TestingPage.tsx,2992,tsx,47e05de07105cd6faf93c75fd7c3ae0c8c1d245c063ee177ef5ea9e1f6151732
F00135,dashboard2026/src/pages/TradingPage.tsx,1590,tsx,66e5de1556f3cd0ddae2cffac7a4e413e6f109665d9212aae275841d340f1d28
F00136,dashboard2026/src/pages/asset/AssetPageShell.tsx,1264,tsx,64f08c2aff68ec2005ba4ea3a696536c7b8a4df5885a200ec1b3c0e83278ddde
F00137,dashboard2026/src/pages/asset/DexPage.tsx,2464,tsx,f980fb9058315225cc3a8134fa2fd3adbc54f9cbbf17820ebe5e880cf59fbc34
F00138,dashboard2026/src/pages/asset/ForexPage.tsx,2912,tsx,4cdd6f7c253db79b7e21d35a16ef38453f10c190833e7a28679c2addb1abec15
F00139,dashboard2026/src/pages/asset/MemecoinPage.tsx,4435,tsx,14070b3b7568e11d31dfabf98042fe5c0e8bc5898f888b0360902e11e789ce3d
F00140,dashboard2026/src/pages/asset/NftPage.tsx,2581,tsx,a12366d1f204d1dd2ea3c552431443fbf85e961a8c19a2c6033428bb61e643a8
F00141,dashboard2026/src/pages/asset/PerpsPage.tsx,2489,tsx,7d79a17bb5c5d7a3ba6767704cb70941b64ea608f602489559e01de2617d1e51
F00142,dashboard2026/src/pages/asset/SpotPage.tsx,2050,tsx,ba57d11d4d68c145b5ea39a2f070c7e3aca7a7e797264e2aa66e26d0f67a8164
F00143,dashboard2026/src/pages/asset/StocksPage.tsx,3207,tsx,16e656edc6d12badcac87850ff78de4596b1ffe67d7714d857c4383dce0e320c
F00144,dashboard2026/src/preferences/store.ts,3910,ts,66958c979224020cd51c2d35414f1ea6c717f87f4eeeb227352887e60b314b76
F00145,dashboard2026/src/router.ts,3048,ts,cb4cf34c2224e93804003b5579e0569093a9aa031a433fa9f3bcb72e6f8b07e5
F00146,dashboard2026/src/state/autonomy.ts,3158,ts,ba34206e7e803b4fc7b7dda9706415589e6daeaa3fc8be9f0ac320aa0ee79646
F00147,dashboard2026/src/state/hotkeys.ts,6121,ts,376de53efbd96a01feaa53061b93ed2b0deaa9947951a0a9075d72a6714c0402
F00148,dashboard2026/src/state/popout.ts,1037,ts,3a82cf994f6cd4e452f63520ecc2fb5cf2fb7ad5044044fa632f1960cf6e2bb3
F00149,dashboard2026/src/state/realtime.ts,4787,ts,219715bce9bc8a04d85043cc0db8e149ec1b2aa734702eaed3e858f371c539eb
F00150,dashboard2026/src/state/toast.ts,1721,ts,8c80de642d1563027b9d58a56ea380d8d5804befa96dd58ca373a218f52cadab
F00151,dashboard2026/src/theme/tokens.css,4686,css,72cf4ab262daf1fc5e5c458654bf419d6a1a430e3f676a4986d91a0132136364
F00152,dashboard2026/src/types/generated/api.ts,2947,ts,85f3515c0f4b601a84e4917dcdfbcc5c13dad598e43c1a876b5c78574e5f4acb
F00153,dashboard2026/src/vite-env.d.ts,159,ts,6600001f6b9e18657b3314fdcf2fad48d4f74bfafb27fc464bb57ce670cb8ec8
F00154,dashboard2026/src/widgets/AlertsHub.tsx,2187,tsx,ef22d22728713907094c4e63c62b8fb66c1fd166f9484fe1498c57bf3d88215a
F00155,dashboard2026/src/widgets/ChartPanel.tsx,11164,tsx,e9951d98f4c3964a9250721b275f70e703886db78f1cdb1b21421c8d3cc67a23
F00156,dashboard2026/src/widgets/CoherencePanel.tsx,6265,tsx,c09646ec8d105cd4be048cffef1f4bc92191972a0138265283b4fc1b26d043e7
F00157,dashboard2026/src/widgets/DepthLadder.tsx,3007,tsx,34b20de148b307e3091a5581e3e644c0115d4ac4accb4a4e6b36f89be15ddc57
F00158,dashboard2026/src/widgets/DyonChat.tsx,6182,tsx,59e16956184ac692c85331e8a1d69b786ca4145b9dd08a70270fce9fbd9908af
F00159,dashboard2026/src/widgets/DyonLearningMode.tsx,12897,tsx,28a9df161f75de64fc964a97a4f1c28632cf28f04fff9d3c90aafca71d178934
F00160,dashboard2026/src/widgets/IndiraChat.tsx,6358,tsx,b4b8980c1abbd5d9077756e82e4410d8f06ee51db6dbcbe4759a5668dd8f603e
F00161,dashboard2026/src/widgets/IndiraLearningMode.tsx,14890,tsx,0a4a13e5a6329ae497292a6dc3e77d43eb5c8b93ddf7e7999319b12b7d89088a
F00162,dashboard2026/src/widgets/NewsTicker.tsx,2152,tsx,e4b4c0fa7e92032c1a9b3a017bf71453be1693e12802784b2e115a63962f0654
F00163,dashboard2026/src/widgets/OrderForm.tsx,7876,tsx,cdac9d4f76e5f281b48489da8bd35bff5629ec012d7cf8272c709bef6dcafb4e
F00164,dashboard2026/src/widgets/PositionsPanel.tsx,3870,tsx,42c0b1436d421070f8f2a3272cb1b68db7cab8ad82c382e8960f8ab95ce27393
F00165,dashboard2026/src/widgets/SLTPBuilder.tsx,21585,tsx,db62199376e4e3e2b42727224415cc2dce80b505818ec291e3670f9d30e2f2dc
F00166,dashboard2026/src/widgets/TimeAndSalesTape.tsx,2271,tsx,cf7eb9cffb2cf4e47575a329ab22d919e1e3670e2197897256b2eed78d038259
F00167,dashboard2026/src/widgets/ai/ASKBOrchestrator.tsx,8480,tsx,9c30bd39ee6a44f7cf23c003cb6b6ff15656ff76414b119941057143c05117b0
F00168,dashboard2026/src/widgets/ai/AltSignalDashboard.tsx,5442,tsx,ef1b8253e85714c6bdd963f5fb11b096aca7ed1214830bac86ca12c2a89ec4cd
F00169,dashboard2026/src/widgets/ai/CausalRiskAttribution.tsx,6061,tsx,8b3a1d6552b0e4af35d349e0972ba257e5de9e0ad7e1946cb137cb8795cfcae9
F00170,dashboard2026/src/widgets/ai/CounterfactualPanel.tsx,6485,tsx,6988ce4196fe0fa3c496231e5d8f81b206aa2441bbff2712500f44def5b56937
F00171,dashboard2026/src/widgets/ai/EarningsRAG.tsx,6912,tsx,a55d040ad4d3f3f00e2dec98299de72b967697b1df5407a8f0b65eea9332cdc8
F00172,dashboard2026/src/widgets/ai/IntentExecutionPanel.tsx,6291,tsx,f535fdfdd78f8b7277d5c49a3d32c68bb7733d6ba68d3693076d403a1e704f3a
F00173,dashboard2026/src/widgets/ai/MultilingualNewsFusion.tsx,6633,tsx,633064695812cceea61f4f500799c32610b6ff52932d294d787bc1071b0fa813
F00174,dashboard2026/src/widgets/ai/NLQConsole.tsx,9108,tsx,8366d516575491d3c692ff7e313ec84f57eb4f099395a30017ad47a0b65d0c71
F00175,dashboard2026/src/widgets/ai/SmartMoneyTracker.tsx,5443,tsx,81d90bfeae6ae04852d8d451b8e5fc90765d972a9fe9f16c463bec5685b0ad49
F00176,dashboard2026/src/widgets/chart/ADXPanel.tsx,3378,tsx,f72be940ef993a474e262d2decc79030c8e43ba13ddc0b4a2fdaeaa5da83c9be
F00177,dashboard2026/src/widgets/chart/ATRPanel.tsx,2495,tsx,965769dad6f2761a188b27b2654f52c6144f5f3ce941c91878e7c99a95e0f940
F00178,dashboard2026/src/widgets/chart/ChartTypeSwitcher.tsx,2711,tsx,f68a2ef2194a3d944960fa764df9a51c317dea92da832ed9fc586a08e1e265bf
F00179,dashboard2026/src/widgets/chart/DrawingToolsRail.tsx,3041,tsx,63decb651ad78006ed77c90c7992695533b51e1671aabab88d73de55341a6ddf
F00180,dashboard2026/src/widgets/chart/MACDPanel.tsx,3882,tsx,ef3b3bcc33d66a4839271d0dc00be25de968b947430384b45cf3e9187862d3e3
F00181,dashboard2026/src/widgets/chart/RSIPanel.tsx,3055,tsx,574e76955dc0396ee528a0c760892cd75e513b8a126dd6878c417150b3cb0b6a
F00182,dashboard2026/src/widgets/chart/StochasticPanel.tsx,3076,tsx,c33f18bcb1ccd8e5a51cc57c6abc0005eee16c975fd7c2b025e8ae7c01ef9b8b
F00183,dashboard2026/src/widgets/chart/VolumeProfile.tsx,3905,tsx,0b82a1a24fb155f13dcfc9a4ac3a4c1b5c75f81cbb8a88225630a3f7eaeed974
F00184,dashboard2026/src/widgets/forex/CarryLadder.tsx,3327,tsx,7d7150f3d89aa6e4d5f8e4ecdaa364986d540f6ab431a2976e2d758b3487bbad
F00185,dashboard2026/src/widgets/forex/CentralBankRates.tsx,3994,tsx,e64a4e4bb0a19454aee77346418a3b9b7a15873671fcbdfb782e44922729c02c
F00186,dashboard2026/src/widgets/forex/CurrencyStrength.tsx,2810,tsx,eb85f3c8b2fbbf91183b0913821989b9cd8d094655fe2cf0d4610245509b8928
F00187,dashboard2026/src/widgets/forex/EconomicCalendar.tsx,4082,tsx,c272e3d5e57827cebf331aaf283b7231ae47ed5dba293afdec725fe5d6bb8e69
F00188,dashboard2026/src/widgets/forex/PipCalc.tsx,4809,tsx,c1c623b5640dcd269222677478056ec65a38fd9227b87798c55e66898bc3a6e1
F00189,dashboard2026/src/widgets/forex/SessionClock.tsx,4742,tsx,e89a77ad759f6c238ea2c90343edf0367f8dab7f0e6f67890720d8634bef4531
F00190,dashboard2026/src/widgets/governance/ApprovalQueueWidget.tsx,8073,tsx,5efd0b5d1ae41648b8f8ae5315bd02e3f16d825c3cfe9ee3c06fa7f78e65ca29
F00191,dashboard2026/src/widgets/governance/AuditLedgerViewer.tsx,4983,tsx,54610837e3142c1b2d407117d7825cd0590c7f5c70f1ee9d08127576108533ea
F00192,dashboard2026/src/widgets/governance/DriftOraclePanel.tsx,5921,tsx,869611713bd2694a5d642987a6bba748e3a1421d6d48efa960db566246d992c1
F00193,dashboard2026/src/widgets/governance/HazardMonitorGrid.tsx,4942,tsx,bf1f1e8f90e0eb9b715076fd2785589d675a1b76ab05fa5f3b87a16d84753465
F00194,dashboard2026/src/widgets/governance/PromotionGatesPanel.tsx,5899,tsx,6e0ea95b319f28233e3e021e020ee52d95350c6b1e7c2111bca45de3e62aa0fc
F00195,dashboard2026/src/widgets/governance/SCVSLivenessGrid.tsx,5781,tsx,2ba12d1a0039336f3c73b72894302c8f91a3940af473b012bd20ed5a3cb3da58
F00196,dashboard2026/src/widgets/governance/StrategyRegistryFSM.tsx,5707,tsx,c989db6e29d4756d6bd1e6f79fb41116193d34a6ada29dec8d1048277a0581b7
F00197,dashboard2026/src/widgets/market/FearGreed.tsx,3602,tsx,b15d6d021d0c33c1bb86411d1ee7febed7633417441facfc76cdbc6e1447889c
F00198,dashboard2026/src/widgets/market/HotMovers.tsx,4323,tsx,428e941738e47770c82deabfd6cf0c574cb4c98ecd451eb44556adacf8dc1398
F00199,dashboard2026/src/widgets/market/IVSurface.tsx,3000,tsx,4b1393aae045821979f6c8f98b48110a626ac738274b4d3bcf55458f822e783e
F00200,dashboard2026/src/widgets/market/LongShortRatio.tsx,3363,tsx,a36b602931f96a3ee03ad18738c807bc358e4fb6c270ca3843e6f444fcf608a4
F00201,dashboard2026/src/widgets/market/OpenInterestPanel.tsx,3030,tsx,b13c00e8e1b2eae1e9c70c1a3f14792419f946c9b36cede4a4ee17456c521179
F00202,dashboard2026/src/widgets/market/PutCallRatio.tsx,2868,tsx,c54689e934a91e5bd11ed3f2796f6db8e42207ad497a3a5d5a45329f3214f255
F00203,dashboard2026/src/widgets/market/SentimentGauge.tsx,3618,tsx,479b239b3da3eb3ed2efe2287daf23fca1450d3db4051bfd94064a3c1af44f44
F00204,dashboard2026/src/widgets/market/Watchlist.tsx,5228,tsx,e32ed7202dd581e219f11c3ecaedfc7d25a3438c98d1de2e7d64944177f20f8e
F00205,dashboard2026/src/widgets/memecoin/BundleDetector.tsx,4697,tsx,81b73082faa20cb25cd1f8522c583ed6b3fafb7ce3454d455b24fcbde12663ca
F00206,dashboard2026/src/widgets/memecoin/CopyLeaderboard.tsx,4336,tsx,5d5073c83c01c1a207d567ed021f17c704857e761e94f18178b1f062fe0f6732
F00207,dashboard2026/src/widgets/memecoin/DevDumpWatchdog.tsx,5289,tsx,3f519b92911206f73d05bcf2116cee8d70f59353f0cbb8e505ec4616600444d1
F00208,dashboard2026/src/widgets/memecoin/HolderConcentration.tsx,3397,tsx,2985b4020030321cb6826dec76be0189af076186197e6ee3a7e00255c19f8cb5
F00209,dashboard2026/src/widgets/memecoin/HoneypotChecker.tsx,6066,tsx,4015c893f6df119b0ba3671577c1ca7f82df9ddb0d07f14c02aaaa972793840f
F00210,dashboard2026/src/widgets/memecoin/LaunchFirehose.tsx,5568,tsx,13fe7f8ef67b57f232a56ccd5f2e115520696267d3421defc9ca1b50942789f7
F00211,dashboard2026/src/widgets/memecoin/PairCard.tsx,4616,tsx,a8f05b56eeddf7be29942da0806356eb3d8a0cded170603218399408fdc04e63
F00212,dashboard2026/src/widgets/memecoin/RugScore.tsx,3475,tsx,dcb3f98afbf6a95d81f8af819fd1a5b7d93108b568ac5297e44fe2cbed0a2fe1
F00213,dashboard2026/src/widgets/memecoin/SignalTracker.tsx,3978,tsx,e743c11971dce6bc62f3b727ab913868746f15907483bf8d2dc8e06460256b8d
F00214,dashboard2026/src/widgets/memecoin/SniperQueue.tsx,4002,tsx,8f7142061bf1a6e819633690cf6e8a1252e7adb5ab3880ce91d1200eb9915a87
F00215,dashboard2026/src/widgets/memecoin/WalletCluster.tsx,5074,tsx,8fbd6e05ede766e594ce1553dc2e6f554da41a32afa48825df88d3ab8a27b7fe
F00216,dashboard2026/src/widgets/nft/BidLadder.tsx,4733,tsx,3156915253d355763eb0c4d796892660d02b7f32d4a27b75afd50deaf3357fed
F00217,dashboard2026/src/widgets/nft/CollectionVolume.tsx,3968,tsx,25a6f021687f5aa9f99d49800e73e4ec3b6f2fd9b0291293ade03dead0ac54fb
F00218,dashboard2026/src/widgets/nft/RarityLens.tsx,3635,tsx,2c588b743dd3856bf7a35230dca4dc1e7af67abd2c9b25023c6b99821c80f108
F00219,dashboard2026/src/widgets/nft/SweepCart.tsx,5778,tsx,694b0789b7e302cb0b41b196dbcc2e532704d2ee98e08901dad53eb9f2b06749
F00220,dashboard2026/src/widgets/nft/TraitFloorGrid.tsx,4086,tsx,c205fc3ec644749fe1809e981eb144b7aa2467d4bf902c594536c27e82d785ac
F00221,dashboard2026/src/widgets/onchain/ExchangeFlows.tsx,4325,tsx,429e72136b48ec907e2472f64ccf0675404f0b003709d49b3095a75feeaba20b
F00222,dashboard2026/src/widgets/onchain/OpenInterestMatrix.tsx,3745,tsx,7314ccb7d4e47baf4d02eefa522ec57a4ab99d917d8dfb9c425436d99535f780
F00223,dashboard2026/src/widgets/onchain/StablecoinSupply.tsx,4541,tsx,86f6e3dc853056fef2c448b8c1140f3276459c006c01b468893ce8d58f57ce3c
F00224,dashboard2026/src/widgets/onchain/TVLDashboard.tsx,4994,tsx,d3e41d6dd86350437775b75efb79027c23a4ec5134fee7c90ddd419d46250a07
F00225,dashboard2026/src/widgets/onchain/WhaleWatcher.tsx,4411,tsx,178d620661beaeee1bec20bbe9807fc28cfd4964571961e6aa13e2af08a5dc2e
F00226,dashboard2026/src/widgets/orderflow/AggressorRatio.tsx,3268,tsx,5876aa710a3363649fc08a8f7d9dbfe40c6effa72ce54bf6f3ad5d9e0c6557ab
F00227,dashboard2026/src/widgets/orderflow/CVDChart.tsx,4238,tsx,722a581e8966c8c57d92af9c0e87cd944867e19e095d84dda8539259ea069df8
F00228,dashboard2026/src/widgets/orderflow/DOMClickLadder.tsx,6944,tsx,2a60841e62e1aa03b7e7340a524fb5f93ea9f296fe66d777b1371d442c25c08c
F00229,dashboard2026/src/widgets/orderflow/FootprintChart.tsx,4343,tsx,bdf2c215796fc03a9212f9deed6fec2f5e9e807ef9c90d79ec55fd7ef373286a
F00230,dashboard2026/src/widgets/orderflow/LiquidityHeatmap.tsx,5821,tsx,ae8a5aff1139a8f4de8efb210169260a92a7163280031713e52152af6a0ba7b1
F00231,dashboard2026/src/widgets/orderflow/SweepIcebergMonitor.tsx,7960,tsx,1eefb3687ab28eed2616f378463fca13bdba961393b9e59e1f749b4726486607
F00232,dashboard2026/src/widgets/positions/DrawdownCurve.tsx,3632,tsx,14459b7ed139b945f6c96bd03efd90390a31754374f8ea540216d9fd37dd6f91
F00233,dashboard2026/src/widgets/positions/ExposureBreakdown.tsx,5601,tsx,5fc14243c02cc715606f7b0a3c3c267c7d3882576d75691c5cc538970daaec31
F00234,dashboard2026/src/widgets/positions/FillsHistory.tsx,4587,tsx,41f542d8e1bfe3c1da82adbad8776aed5e00234899b0d32c741f8da5c4aa1001
F00235,dashboard2026/src/widgets/positions/FundingHistory.tsx,4134,tsx,5a3b5ff24f6c8f3ea61b366ccf1758b5d27f8612fb59de0c38f5175105e8de4a
F00236,dashboard2026/src/widgets/positions/IntradayPnLCurve.tsx,4113,tsx,bf2811311b2d3c110b5d999e1ba72a4ae2f5d3c3b2cb70b5b4152627a7f17a39
F00237,dashboard2026/src/widgets/positions/OpenOrdersPanel.tsx,4945,tsx,46ab1656d52aac2ad9400c2cbd2d730ba6d9c0b783a6d67424711265ad7b6218
F00238,dashboard2026/src/widgets/positions/RiskParityAllocator.tsx,6769,tsx,9bebd4a68812720c262f2cb862c91c3296f5d1fc99b7aa60464125d6772ed2c5
F00239,dashboard2026/src/widgets/risk/CorrelationMatrix.tsx,3359,tsx,ce06295cbd295c476756a8d36d58ddcf447fb83024167e5165d4b0cc1b63a95c
F00240,dashboard2026/src/widgets/risk/GreeksPanel.tsx,3882,tsx,d10c80e83e04cdd18f3d1aa1214d2610cf4dbf6b6f0ac9a8f0f937efd74d9b35
F00241,dashboard2026/src/widgets/risk/LiqCalc.tsx,5933,tsx,ab6ae1a4da0219176d62a4752f9e78ec0af1be2650393c8105fc50697fbf971e
F00242,dashboard2026/src/widgets/risk/OptionsChain.tsx,6385,tsx,5dab411dd71c78d59928e0913ab4d268f2e87fb7b05688348f00c6cec4d84fea
F00243,dashboard2026/src/widgets/risk/ScenarioBook.tsx,5536,tsx,c7ef68cddfa002b489521c8808f39e286a90d06d1e4b48dcf3fa75cbc87bfaeb
F00244,dashboard2026/src/widgets/stocks/AnalystRatings.tsx,5745,tsx,b1f1c84ed309018792dd7d7d28ab93d725396a607f43b4c5f75b29cc10341bba
F00245,dashboard2026/src/widgets/stocks/Fundamentals.tsx,3861,tsx,e055c17505ed0681f6bd4ddeeec8c11347ae899bb64e2bad57371b443875145f
F00246,dashboard2026/src/widgets/stocks/InsiderTransactions.tsx,4279,tsx,46046f1fea8422acbc6eac409a51eea2828cb7e1e3704ebbfbbbd9eb7b85979a
F00247,dashboard2026/src/widgets/stocks/SectorHeatmap.tsx,2804,tsx,3145b0ea9d70d699ccf2f39f78a24d7e465209d24c240ea320969bb3cb57fc7b
F00248,dashboard2026/src/widgets/stocks/ShortInterest.tsx,4831,tsx,a969750237ab89fb5c6ffee37b2695349588fc5d685f2ac52cfa810036242428
F00249,dashboard2026/src/widgets/testing/Backtester.tsx,17362,tsx,72f92baf7bd3110ee097dfe94f1f812c1fdaf6a5482982ab10fcc5912d17ec11
F00250,dashboard2026/src/widgets/testing/CalibrationReliability.tsx,5508,tsx,dae524e0c1f9d2014976b84d5c448ce8b375294a64b914b823eb62b4259eb051
F00251,dashboard2026/src/widgets/testing/ChampionChallenger.tsx,5590,tsx,697e173abc3dfa20735e9af25ad4cc961553e225e6c1cfa0dac327cf99e63fdb
F00252,dashboard2026/src/widgets/testing/EquityCurveStudio.tsx,6657,tsx,ba68b7f60bd1e2df55074eb1eeddd6cd1d2c55ec97b19bc9c5fba77e891d5db7
F00253,dashboard2026/src/widgets/testing/ForwardTester.tsx,5660,tsx,7da3d0ea79aeefe605ef677c8b38a6197fc95785b3c25353e1ba6a26ff22affa
F00254,dashboard2026/src/widgets/testing/MonteCarloPaths.tsx,5590,tsx,f2b850649c79ddc80eb0cbc64f9511ddac2ac3870e6d651258ceddfd14f42ae6
F00255,dashboard2026/src/widgets/testing/ParameterSweep.tsx,4245,tsx,9f28d3b77e5de12c519d1ed669a622f79675c5172e01409d373a40e0fbcfa265
F00256,dashboard2026/src/widgets/testing/RegimeShiftBoard.tsx,9444,tsx,c4cb06c620a57e07f8465b251b238d65ed6c9cb36ce8eb996b53cbb1aa994fb1
F00257,dashboard2026/src/widgets/testing/ReplayHarness.tsx,9336,tsx,56675e1b622c0e5a472a181d29a75fe382ceb4a1821ed7cde6976bda58a5bb2a
F00258,dashboard2026/src/widgets/testing/WalkForwardHarness.tsx,8489,tsx,db5bc367681a20978a4bb55a13980380e3cf451e1fd93b274fbe87e1a6bf4d26
F00259,dashboard2026/src/widgets/trading/AlgoOrderBuilder.tsx,10099,tsx,962edbfdc04b762cf14f3c9b112163c13058ddd261137cd61d423f4ea53e6dba
F00260,dashboard2026/src/widgets/trading/BasketOrderEditor.tsx,6903,tsx,4bc1fa9222ea2f87b8c7efc60f0d4d751ccd99600528deba074b5961e0ae16f1
F00261,dashboard2026/src/widgets/trading/ConditionalBracketBuilder.tsx,8673,tsx,4171b14055b647a19dacdb642b58a92ee58cc60a08a6bd10a4948c938ce3a8f6
F00262,dashboard2026/src/widgets/trading/OrderHotkeysPanel.tsx,6144,tsx,b583861cc8ebb479ecfa4a8fbf58e1513c0e31b6cb57d6e0b8e08decb127608c
F00263,dashboard2026/src/widgets/trading/PreTradeSlippageSim.tsx,6956,tsx,9b1b86da5311d8d10cf5ee9450b22f27b5284071edfd2c4f8ac7882a41aac99b
F00264,dashboard2026/tailwind.config.js,1380,js,88d6d0ab8c6926d68bb132f4ea1e8441bbc856b285f4d0e7ed0a4bc70084f642
F00265,dashboard2026/tsconfig.app.json,621,json,7be841111dee3ad940a45dd669f0edc9dda5c03e4f0f9ede25f0ff45540f746d
F00266,dashboard2026/tsconfig.json,119,json,770b4140bbb581e2dfd9ea9946ffc9c75a1d86ba7d2db5f77c83e37cbdf9d808
F00267,dashboard2026/tsconfig.node.json,503,json,daa938cf50266d9b894af69ff98a53e2d857703b7a352b1b8da5f82146439a4f
F00268,dashboard2026/vite.config.ts,2432,ts,a594fdfdff0a1cb0b1a90e8a3113cf0bbf372bbee4097f7dd403ad468de9681d
F00269,dashboard_backend/__init__.py,1051,python,525f284b998cb3ca9b6329c476669555408eb51f52ba1aa089ef73001c41dbc1
F00270,dashboard_backend/control_plane/__init__.py,1771,python,2891f9c38b8aac0a54c8eb43f3b950c2a511f7cb884570614c432bb398fa53e6
F00271,dashboard_backend/control_plane/decision_trace.py,3594,python,1f639857f5d8a17b914ca410d2cc27e5e34932de37eaa4e6e8bf65603772c28b
F00272,dashboard_backend/control_plane/engine_status_grid.py,4031,python,ed9729bc250319432fd9fc08c6a09f68ecffc955e735b908cfde89496cd9e6a0
F00273,dashboard_backend/control_plane/memecoin_control_panel.py,5082,python,b76f119b5fef3e758dfd6aa6e591eac107645e7d627d946e1be952a22c4ae2a2
F00274,dashboard_backend/control_plane/mode_control_bar.py,4409,python,f168df60a62edbca80e24a496a550b9dffff0f213eb82f421c1605cf7f4cb46c
F00275,dashboard_backend/control_plane/router.py,2761,python,b4b35793b83b8a202cb47ffe938fc93e437cba023e4033c133d0f1206e7a9937
F00276,dashboard_backend/control_plane/strategy_lifecycle_panel.py,2930,python,e73081589d8030ddc105cccf6db13a4f9e1eaec5eac46cb58fdc40352338dfdf
F00277,docs/CAUSAL_CONTRACT.md,15224,doc-markdown,0b722d58ecdb2865874d391b32c1badc7e3240a6badc47ade1aaa7a39ed326d2
F00278,docs/PR2_SPEC.md,25503,doc-markdown,730f1d471528bf27f9edc7b8ef2f0a1521a8b14e7d3d50d1074f5350f7e930a2
F00279,docs/build_status.md,18350,doc-markdown,261aedd674e17b746b01f7b2644db5d0c704b757b9c2cd22583565be50de56cf
F00280,docs/canonical_pipeline.md,6773,doc-markdown,e5b1b95d494d3bccd18a22a49e252306ac289849971ed10e9f6265b7447f7371
F00281,docs/dashboard_2026_wave03_cognitive_plan.md,8336,doc-markdown,9c0524adaae14913ae9bb26ecced171f7d1ccc551ba6eeab4b933fe89349a18c
F00282,docs/dependency_roadmap.md,7109,doc-markdown,610d6876e70f07bc94b410aae7a6fd0bf036965ffa39e245591b2884595ba7dc
F00283,docs/directory_tree.md,59683,doc-markdown,cfae51ad945561571eae95bc1a2f3ca4aa52c2cc3012c5b06bbb0fcffeef7df6
F00284,docs/manifest_v3.1_delta.md,26830,doc-markdown,11b707932b8ca22e7000def5eeb87f62a66fdf9c7601998c658cf0b407b5164d
F00285,docs/manifest_v3.2_delta.md,25637,doc-markdown,9710e40a925e2a533d35e9bcdf54bbb64f49bd1e20f3dc115cc094ffe761290c
F00286,docs/manifest_v3.3_delta.md,24434,doc-markdown,f81701d410644befbfd1cdee5c28c10a649a7da30b81a2d1cb092faf2ec3fa03
F00287,docs/manifest_v3.4_delta.md,6451,doc-markdown,fdd517625ec9a8459c3394e0fc94c7084e261c7df6168a88c79132176a707e77
F00288,docs/manifest_v3.5.1_delta.md,5457,doc-markdown,0768307868aa626ed0a0f76dd578e56eacdc20f34b440f028e17d0b51dea6359
F00289,docs/manifest_v3.5.2_delta.md,6270,doc-markdown,c919cf8128ec8953300178bca2e855a51e4c4477604eba5ea1791def6ac2487a
F00290,docs/manifest_v3.5.3_delta.md,4743,doc-markdown,e7c60e039c4f29f769b6cbe34c19c22b59e9f4fe1b6a673fa03321d8f272ebe8
F00291,docs/manifest_v3.5.4_delta.md,5650,doc-markdown,e950ee1636f7e8cc549aa8c2c3c34eadd69d3cae8769d7dacd0bb382974ef768
F00292,docs/manifest_v3.5.5_delta.md,3823,doc-markdown,d852e999bdc3b6478359324a9cdbd73a003656fcf86e6dfd059f6b7bf25dd60d
F00293,docs/manifest_v3.5_delta.md,6117,doc-markdown,90fab0b3734e4cf461647ca78cf383112eea9b864ca6664b805cc5a376f73493
F00294,docs/manifest_v3.6.0_delta.md,4850,doc-markdown,df66c4ed717f37b5fa92104f1d8387eacd1898e94f1dca59fd4ebdef768204e1
F00295,docs/manifest_v3.6.1_delta.md,4923,doc-markdown,d1f6d8af1cd205602eef26c7624ab81d93c58764ffed972b01c1eb229bb5dd44
F00296,docs/manifest_v3.6.2_delta.md,5276,doc-markdown,8d00ccdf0e6e585c66c92249a468fe232b9b64e30bb638774aef5c8f7f3e322f
F00297,docs/manifest_v3.6.3_delta.md,6294,doc-markdown,d12d7cb32a80ace762182d78ba452ce9de97cabea2bec20849816ae73b6b1d72
F00298,docs/manifest_v3.6.4_delta.md,5529,doc-markdown,e8053da625533922e796758683d0baa31f620248b012c3b829bbfe59ea72ccd4
F00299,docs/promotion_gates.yaml,4662,doc-yaml,73068bced22e99f6234152f68a3a36eb48fe5a55e72fd523c68b295bb84499db
F00300,docs/rust_revival_schedule.yaml,2708,doc-yaml,4d3915197e5ff06949ccd8f095beaefffbe696bac0a8e435e04cd540fccc4325
F00301,docs/wave_04_6_plan.md,11453,doc-markdown,893207802ca5c39b0eca3f18da25a39fb8155001567ba68ebab8d686b4b7017b
F00302,enforcement/__init__.py,3835,python,bfad590784a3b6da8ce44990d343a139cf127fb90ad824e2487c06a31c3781d4
F00303,evolution_engine/__init__.py,386,python,180cbecb2050f44fd3d87e58f01413ce1ce5ee9ff7e62fc5200cdc58704577b9
F00304,evolution_engine/engine.py,1029,python,00a83c67683a00915071a2131688ddbd9fd902e74fb91f4ea9cc71f55bf8513f
F00305,evolution_engine/intelligence_loops/__init__.py,258,python,acb9bdf0e74af78f66bc99d2b22c39eacd10ca921aae121dc5c0fd5b2a33f5fd
F00306,evolution_engine/intelligence_loops/mutation_proposer.py,4431,python,07e60683a561768d0805baf8148faea33e3a0e9fdab2c48c831464e92eb4701c
F00307,evolution_engine/patch_pipeline/__init__.py,1812,python,d03f5cedba13da119bda29af148fed7d1fcec9d62f019386bf71d07a7edf83ac
F00308,evolution_engine/patch_pipeline/backtest.py,1800,python,fb02d3177fabdf7876b2292df95370f0e62b9dea49c40bdaa7044771602b46d7
F00309,evolution_engine/patch_pipeline/canary.py,2192,python,910a31189e36238745932656fba72d64b116f4c739d5ec3b5dab6ffd0a4a4377
F00310,evolution_engine/patch_pipeline/events.py,9267,python,f4e0e53edb11bb1523f71d31061fe079c231dc963f079e9d4a0e1d77d1af5f82
F00311,evolution_engine/patch_pipeline/orchestrator.py,14484,python,0fd6b64fae6e0660372bd6cb2e35741ef461341d3d8be1f92f84f07fedad813f
F00312,evolution_engine/patch_pipeline/pipeline.py,3459,python,a11bc902a4b89989c1554a2f5d46cf50a7889c7a4ee038cfbddf342fab370cfd
F00313,evolution_engine/patch_pipeline/rollback.py,1234,python,f8bd9ba342c7e62afdd1dfee4a9d154df745b6f776db0ab09115e6c6803d3dcc
F00314,evolution_engine/patch_pipeline/sandbox.py,2240,python,a841fb3c322fdd85c3a090f0320482a82719a26e04d329306606d28774a78414
F00315,evolution_engine/patch_pipeline/shadow.py,1993,python,ecf93fa0752d8060ead98d4fc60d8c0b39622c05c20c56b4f1bc413943566637
F00316,evolution_engine/patch_pipeline/static_analysis.py,2084,python,de5889972eebe2edc69d00b3b508c2aac12d944f62b6c77200f6ae1e191e79cb
F00317,execution_engine/__init__.py,292,python,155a1564a7f70df794274f860f237d2bb7184178ac1d49e82944e643e513b6b1
F00318,execution_engine/adapters/__init__.py,1435,python,765fea6f713217994be91f5b24e7d3308445fc5ad3a56d254911b7a4e0e360b9
F00319,execution_engine/adapters/_hummingbot_gateway.py,9143,python,917f8bade19c82b7035ed7184e7c8de6f847e77d8ca6d13105ce2ffc4c60b01c
F00320,execution_engine/adapters/_live_base.py,5128,python,a3cfb529b705e5617bf16ef26f689d60700082ada5909c38aed46f0dbcdd05a0
F00321,execution_engine/adapters/_uniswapx_quote.py,8517,python,b2ddc1aaea269d4ee58870d4b056350a49e28f53c931a098cd77283d84d782b9
F00322,execution_engine/adapters/_uniswapx_signer.py,13247,python,997607b2f6692c1765d711fa42f1979866ea7010d94bae1d35d453a9ab63f4f8
F00323,execution_engine/adapters/base.py,1229,python,7d2b67a8c547e544379ce4c4f76dd681e4c748f4e35d90ba9cdaab4e2e435fd4
F00324,execution_engine/adapters/hummingbot.py,10330,python,67da8a590cf53352dd5d93261aa5a2c37fcd8a985cf3207719f54300f41bef3e
F00325,execution_engine/adapters/paper.py,3741,python,121689f417dcfa275dfc3ce36e7aa96a8f440ebd991df3f29cf4caf826edceda
F00326,execution_engine/adapters/pumpfun.py,2751,python,4c227ae13d2a453921b81449c4c2671f0a548366560a930e5ad9bddcedc60765
F00327,execution_engine/adapters/registry.py,3455,python,f960d6911e3a07a5b32f97a9765a8efd05d1b107021c5281bc06ea4a561fb56c
F00328,execution_engine/adapters/router.py,3649,python,2bce72221e9081dc918660c667846fb46bbe9413eea2905148c5fee05ade144e
F00329,execution_engine/adapters/uniswapx.py,18357,python,207981d9d8df2533804fe224fd0d0984d4af0d22c0bb0fd729f813836315c338
F00330,execution_engine/engine.py,16412,python,b50732df4e846d4e330f31751ce2439af5a38125e6dc1be421f71895b27517c6
F00331,execution_engine/execution_gate.py,12884,python,cb944101c89ec347fcd8a3fc7328544dddade3012f6f3cca8882cfc253006a38
F00332,execution_engine/hot_path/__init__.py,821,python,7c57774dafc6f69fbaa1691023c01a18b59fbb0dbc347537ee44d10a10840cd6
F00333,execution_engine/hot_path/fast_execute.py,7664,python,777850474adecc1d1bfccdd803c953756cd50f2f01cfacc9d1ff018a95156099
F00334,execution_engine/lifecycle/__init__.py,1860,python,545f6eed4e586347c7638a46737de7b469f08bdf37dd85f099e31048f9062ffc
F00335,execution_engine/lifecycle/fill_handler.py,4910,python,6c9a9878e29d7b8fd8b4af0e2f6f13992c078378a50610e4e662f28c2011ebdd
F00336,execution_engine/lifecycle/order_state_machine.py,6080,python,82927f31f6a1aa05494cd4eaeff4963290104aef25e4a8d777d0f9fe31ea7918
F00337,execution_engine/lifecycle/partial_fill_resolver.py,2137,python,dc209d7eb68649868068223cbe1f75140ce9377829f5f8bafc9d60a2572dc29e
F00338,execution_engine/lifecycle/retry_logic.py,4295,python,f1f8c4b1912b775fde77b84020882894eba64fa57f5b337a5428678377c5f9b7
F00339,execution_engine/lifecycle/sl_tp_manager.py,4601,python,9bd201798c760904f84d5f3840d461874cfb0a34d59d8359d574d5cf094165c6
F00340,execution_engine/protections/__init__.py,542,python,be078c3a0345b53762bfd46c6be0a230a1f35dc1d518be283f0fa26d02ae498c
F00341,execution_engine/protections/feedback.py,2638,python,8c6d92dde0fe1030bdbd5b3f1a833d5e724e4ef84513e8ee20bae6e3014cf3a8
F00342,execution_engine/protections/runtime_monitor.py,7225,python,59b1a1787d06039f59d285d9f42587c63fad2dac87c7f7ab7427ff0a94482e55
F00343,execution_engine/strategic/__init__.py,710,python,74eca047ce5efcef940755cbf5d59a34e770061b759868a500cfe20f042493d2
F00344,execution_engine/strategic/almgren_chriss.py,10004,python,2c554bd368b5d851b2015950aaf49d9e700099dec6b1ccfaebb0d5d4e43cc4f0
F00345,governance_engine/__init__.py,361,python,db464545c1d63ed43324f87fab2d09ce932c635af26cf13f6ccd7894171a785d
F00346,governance_engine/control_plane/__init__.py,2364,python,7de7b29715109d9109233e8565877bbbb0913bdfdfbd98c8f05ae637eee32017
F00347,governance_engine/control_plane/compliance_validator.py,4442,python,c2b65cb2d97039e1c07de546a7d20680099ff095064bb0aafe7d4ead9f04b609
F00348,governance_engine/control_plane/decision_signer.py,8031,python,ed5a48cf37af3b0ae60f357ddc31c29704024e494620bf7923db32d58feba01b
F00349,governance_engine/control_plane/drift_oracle.py,8317,python,1d009bf78df1667c05275e161797b3cf6eccf9244dc5d1aae2752d064c392779
F00350,governance_engine/control_plane/event_classifier.py,8029,python,30b5682355b55098ee9acc17608bec5b9ef30ee9aab4df7276b4bb40d1234095
F00351,governance_engine/control_plane/ledger_authority_writer.py,9758,python,ede3c8b2ace415980f45c0e534947ea13fa8354eb6002695a66dce8b7635bb26
F00352,governance_engine/control_plane/operator_attention.py,4472,python,fde3d9e3442321d5b8c9864afce166cca70e361e06243bb23f0fcef4bd2a5ce4
F00353,governance_engine/control_plane/operator_interface_bridge.py,15458,python,75ce25daccca05b1835b2c62c28702c40f2c824b4df2f64cbb377fd0a5358113
F00354,governance_engine/control_plane/policy_engine.py,11868,python,cbb28e961eed6022bbc155c45cd201697f0f2c7fc2bd03b699a8b954701269f2
F00355,governance_engine/control_plane/policy_hash_anchor.py,11512,python,c213473cf53204a7b51df1d3ad1b794d260929ada01f499d82b1dc3bd516e3ef
F00356,governance_engine/control_plane/promotion_gates.py,6984,python,33b86a7c32899a435a00a8770ebf478d045bae4c8bbc2e33d3a4370a7765bb81
F00357,governance_engine/control_plane/risk_evaluator.py,6182,python,1d95d908778a2ec274e9d04441984e7d2536e25fb0c5a1e7b39ac0fb39bb85b1
F00358,governance_engine/control_plane/state_transition_manager.py,20830,python,bed4399d9d9a2abe0838413f653e7497be8819c153f4db4751e1034bf9caf39f
F00359,governance_engine/control_plane/update_applier.py,2526,python,a57aa4f885edf2fb4e1548b83cc054cdc95db7bf66dfccf2b38a765678a8b49c
F00360,governance_engine/control_plane/update_validator.py,7543,python,e9accfdc4100e54c0eb0234eade43aab9eff0525b5143e89f171e38933a451c2
F00361,governance_engine/engine.py,19998,python,958305d9a42b937511c8153d43a6866817ee918cf091be47585994b0c0ef4b90
F00362,governance_engine/harness_approver.py,8773,python,c2e5db2fabd6f658a1abee62f53d85c363e07a4dcf639d04f967b4a9af26952f
F00363,governance_engine/services/__init__.py,282,python,d6ab6efed1a7d870eb762d4c2376b7fbc760a062f59e7f9a54f447e4f679a3f5
F00364,governance_engine/services/patch_pipeline_bridge.py,5065,python,ad6bb95fd46f29b215960de11d50a9d69294c24ece54fd282709b797ecd324e4
F00365,governance_engine/strategy_registry.py,14426,python,7c134a3aec4c9965db21d7becb64a0662e3fa2b79af3886d944276bcf4bf74c8
F00366,immutable_core/__init__.py,1196,python,59c70eb1c3e9bab25f7b5f05bfd242ae21373c19f1030ff1c2cf5c053bf024f7
F00367,immutable_core/axioms.py,10984,python,34cfc5589ec4a595b99905b62589b48831b8635042150d097057a2441265364d
F00368,intelligence_engine/__init__.py,917,python,4cd8dc0cb998a1890050f44f110ec5b7cd938f16ab14859781a7df988dee5c2e
F00369,intelligence_engine/cognitive/__init__.py,618,python,840bac159bcb7f8a618f428a7cef49eb6c2ae8f33fc1e716b7d086d7cd9dbef6
F00370,intelligence_engine/cognitive/approval_edge.py,9461,python,a837faa03e518b834d485c180de3f6b1076364c10c1d21ada73e574d537f21ca
F00371,intelligence_engine/cognitive/approval_projection.py,7207,python,f66219b14711d6fc0a247cc9367bb3e93c7393ac2619d58d22acd07e39930565
F00372,intelligence_engine/cognitive/approval_queue.py,9126,python,f300c6332492cd9adf832d13a679d14713aca8592e17899a56bd6f2c637767b1
F00373,intelligence_engine/cognitive/chat/__init__.py,1438,python,0834bfc6991b1d2e19c975e4a0787efab73c06b41d05fe97419da03904a5279e
F00374,intelligence_engine/cognitive/chat/cognitive_chat_graph.py,8309,python,2114ff832c53051e033eb0b6b902f43564a21b479742a0bacddd978722a8c6a4
F00375,intelligence_engine/cognitive/chat/consumes.yaml,1070,yaml,f16a92f1bb294ca7523819c1caf88d4f7538fdb21a0d5dc7911000be70ab66c7
F00376,intelligence_engine/cognitive/chat/http_chat_transport.py,25613,python,6ff063ad93eb668b5050104c7a8bd4bb0a37b567ca1c8d67c0e443d8bd43d74a
F00377,intelligence_engine/cognitive/chat/registry_driven_chat_model.py,8966,python,1701246b6d3d20cf22cda8137d72c4099f7cdb1ced9ceb7a62bd3f193f030b38
F00378,intelligence_engine/cognitive/checkpointing/__init__.py,322,python,7e813867b4ece1433ad20ed38eca430e715cacd9af05d79512d0ee936f5ff7d4
F00379,intelligence_engine/cognitive/checkpointing/audit_ledger_checkpoint_saver.py,7175,python,c90eca9faa637e0d72aee4ad8878dbebb0752b9bbb0d43ef666d6a29bd4dea1b
F00380,intelligence_engine/cognitive/proposal_parser.py,3786,python,cfc8d7fe3bebcf09c467eb395f9d5d36cd578fb9b936c1974d5c443b608cea4f
F00381,intelligence_engine/engine.py,9187,python,d1fb28d2b01d3189e23050837b1d8a82083f01668fcb423063ed9f5c1594a6a1
F00382,intelligence_engine/knowledge/__init__.py,1325,python,aa09a91a146f27d4e437cd59a3cf51a5913609cd466b0dd0d41ccd46cd026cd6
F00383,intelligence_engine/knowledge/news_index.py,9442,python,32d93f2d15dd8ccdb1b197fc31f521a8832976cc0cf2ec2cc881e5f532742776
F00384,intelligence_engine/learning/__init__.py,1195,python,34f53a7632735f8fbf102b3e579b8341c4f941ae50507051d1de8f985688ae66
F00385,intelligence_engine/learning/slow_loop.py,10325,python,d08f7d7fae58934b9f37e73bfa8f336923a3d54b1f931bb2119587a495bb052a
F00386,intelligence_engine/learning_interface.py,4886,python,d8eb557e3a7a803f701fb0cfa03dcc4cb55baf8ea896c8951368be2552de82ca
F00387,intelligence_engine/mcp/__init__.py,663,python,9f89e3f7a344ad0788f64c9d04d54ae5bf60d1bba3f534b63f60744753b5d3c3
F00388,intelligence_engine/mcp/opennews.py,12219,python,a5af2a7cea6205af710e28ad2e57f3c93ad64407269972ad72dc570528394a5f
F00389,intelligence_engine/meta_controller/__init__.py,1875,python,239e0ae970b9438dec13d6ee9b4788f664868be4e8c4d35d347b010134792969
F00390,intelligence_engine/meta_controller/allocation/__init__.py,605,python,ae0764440663c4a29a1d80dc27c62a80eb80136aa83cd62e0f55f17f0301a885
F00391,intelligence_engine/meta_controller/allocation/position_sizer.py,9472,python,f768bba82f99cb2195c4d42d48b113d0ff0cbfdae74b73dbcf2405f33c8c2faf
F00392,intelligence_engine/meta_controller/config.py,2246,python,48b38498455fa3216cb420231cacba1515e9a3306c298d695955e6db42f27a11
F00393,intelligence_engine/meta_controller/evaluation/__init__.py,697,python,729b30635a37cb3570a12c44f6545c372f1f1fcb873005de2492a757c79cc992
F00394,intelligence_engine/meta_controller/evaluation/confidence_engine.py,8490,python,26ad03666b7f8383579b6a99747df439746a9e5408ea4dd9796bfa4abd11283d
F00395,intelligence_engine/meta_controller/hot_path.py,7112,python,6a88cc953e91ea84a23923f2b1f3447662cff9ea126e43bb2668dc24a70056d2
F00396,intelligence_engine/meta_controller/orchestrator.py,7688,python,26804f8aa1fdd8da43e790cd847fea7af9c4b49fd05882ec9b29c52e1030c389
F00397,intelligence_engine/meta_controller/perception/__init__.py,569,python,ff8caff00fd784001252149c95c5586f724e44e10b16284e44511c55fc42ede5
F00398,intelligence_engine/meta_controller/perception/regime_router.py,10379,python,14de9e51a78f8cb90e87ec73adbdadaae5abb4bd00aa1301e19cc5c5bc0f58b3
F00399,intelligence_engine/meta_controller/policy/__init__.py,1342,python,555ba3df5da159e09c63b5795e53465b1aef1babac6b5f20fba5180a887cafd5
F00400,intelligence_engine/meta_controller/policy/execution_policy.py,7822,python,5ab011b8ada1aa29fc9e65c69d5dc923610f30b544f3d230338b33745b4991a3
F00401,intelligence_engine/meta_controller/policy/shadow_policy.py,6265,python,30ee49731b6d6564bf70fdbfa937f124dfb00494f8b48ee8e09e4dea2980b380
F00402,intelligence_engine/meta_controller/runtime_adapter.py,6148,python,381b05c4754b1606eabf2192aaa392ec7767c82d0bbabc7db6bf3c18c41652c5
F00403,intelligence_engine/news/__init__.py,969,python,7f63c7c2994a5eab98694bb878cb0ac3e542938581f91516c202cd5974c0526c
F00404,intelligence_engine/news/news_projection.py,8730,python,e44f0364a7979704aa73574b9d9570781af6e61046cd412b07172b460e6dcbaa
F00405,intelligence_engine/plugins/__init__.py,533,python,1e7264887d567d1edeb59e6fbfdb5e964c7ed0d263a4029ca31a3dbb8766c540
F00406,intelligence_engine/plugins/microstructure/__init__.py,481,python,3126d66d85bbfae862501df79b8e09b37c70f36cbe849481ea2cc15be378597d
F00407,intelligence_engine/plugins/microstructure/microstructure_v1.py,3275,python,6abd3c3b3e15b611c024c685d891589a9f9cbf0de507c252b34eadd57b555cd1
F00408,intelligence_engine/runtime_context.py,1160,python,f4e3c132273dbfd22ae6a37d909e9808c8bb76f159836c2c5239ecc38f0314ff
F00409,intelligence_engine/runtime_context_builder.py,5751,python,afc8ba92d10a46cdb83b937abd071642f9a6fc91ea12ba8fa6017510acb43ff7
F00410,intelligence_engine/signal_pipeline.py,4828,python,a7fc1460bfa8abc359c70f47639cf8d645ea76f62fa51fd074e3111dfe685adc
F00411,intelligence_engine/strategy_library/__init__.py,2725,python,63e16e1428b70073737472b30409ab00855257371b7502e1266ce9e63c9e231b
F00412,intelligence_engine/strategy_library/components.py,7539,python,ec2c6c36b0272ce4c322788ba7834e3a5de31114e0eb733dbaf87ae07d3240b1
F00413,intelligence_engine/strategy_library/decomposition.py,3785,python,1b519f9efc49b2f86384fa9e4f5268b378c9dcbca249a8ec786d3da2d1d4221a
F00414,intelligence_engine/strategy_library/registry.py,9068,python,3ae5fda6e541dd4efc634e86a4f9e46087a798daa9e33ed169670a216ef5453b
F00415,intelligence_engine/strategy_runtime/__init__.py,1780,python,da23c50ba37e7bd0c775f2735c5bd4464cb9d805e9d3b2aac13d6020803df543
F00416,intelligence_engine/strategy_runtime/conflict_resolver.py,4405,python,1449e1d830071f5acbffa7bc9a479b7c9f8f3f291d53c991555f0a76b3cf4364
F00417,intelligence_engine/strategy_runtime/orchestrator.py,3859,python,bfed54bbf92e4b8f8972d652a3268d31557468d048e05413b2e3f20a58345458
F00418,intelligence_engine/strategy_runtime/regime_detector.py,4605,python,b77043e765751a0d1e27be9d116289618b3defbc2007ab1c446194c4076f7e70
F00419,intelligence_engine/strategy_runtime/scheduler.py,2525,python,6a1bf058088fa544687057d11f6f9c3addf84b05003deaacbf0ea08465744ad2
F00420,intelligence_engine/strategy_runtime/state_machine.py,6355,python,1a91f10f55d1a4ebffa627591713a4228d47c9e0dc9940bbb4714c10faf6ca01
F00421,intelligence_engine/trader_modeling/__init__.py,1751,python,522d0078d0fb37a3ad900026eaa94568f4a84826c18eeddfa928634c010c9560
F00422,intelligence_engine/trader_modeling/aggregator.py,3858,python,26ed1ce14bbee04ee7f591d0a11b1ce15614feb0dc70209cfa7552a508ca8be3
F00423,intelligence_engine/trader_modeling/consumes.yaml,946,yaml,8366da9d3ce9aa845900b5413b795efe516a255765b7f7d8de473e1512ceb9a8
F00424,intelligence_engine/trader_modeling/observation.py,8413,python,7c32a541e36672cb73c06bc1fbd94bd191639b8e2edd93df6b68926fa2a09bb3
F00425,learning_engine/__init__.py,450,python,a747e4efa9a271cc385b3705c8698a85bdcce509657dde10ce60a49b36feeedd
F00426,learning_engine/calibration/__init__.py,599,python,acf9e372d29c530afd2bb0d5af095744827ea9b39217c014aaa80c16b7f2c4cf
F00427,learning_engine/calibration/coherence_calibrator.py,21601,python,60c126a7c1ffc6fcf878d941e44a390a6ebc3a2ee753f229bf3c06634df985c6
F00428,learning_engine/engine.py,1081,python,40ca2436a089a403c0af21d11253c23f5c14dd981ecd2024f9972ab3646579de
F00429,learning_engine/lanes/__init__.py,866,python,9b3bf63fc56659ce47bef98c6d190996f200c5d0e490ed290fd155cde8e42efa
F00430,learning_engine/lanes/patch_outcome_feedback.py,2762,python,f06d4fb5fac36f6c3099c472b63242e9a33ca06b4bfaefc73061dd45a7914c66
F00431,learning_engine/lanes/reward_shaping.py,11433,python,9f085403f90d83ce31e0e1916b977ccc3a45f345e95bf474a3ab11df51db886e
F00432,learning_engine/lanes/weight_adjuster.py,15096,python,8f698c0f773a587348c640015eb85b7f7e19ed833946967c36dfadcce1a3dabc
F00433,learning_engine/update_emitter.py,3070,python,d8bd8a2cf51e5bb73313f839229275f24acc4aeae478f0388d3b24736097ad51
F00434,pyproject.toml,2263,toml,75e14ef7e8846d4317d1b7a2e832a9a2bc5f07687cc5644558df65b0349553c6
F00435,registry/authority_matrix.yaml,8057,registry-yaml,4890045488b244585cc36986e3e4a282a2b94c89279106099437ec9a39a208aa
F00436,registry/confidence.yaml,551,registry-yaml,84bb6ac60a3265050cb5fa227c5f9657312d48e8464cd05137f666444badc617
F00437,registry/constraint_rules.yaml,7414,registry-yaml,c0ec8492e36b5d0105c9e2e316ea3a85647471d1847c78237ccbf915fb2a71dd
F00438,registry/data_source_registry.yaml,12326,registry-yaml,b0ac72c2577795fde162af6b4ea8499dda2cb50cebff2b076cd6b7adcaae4bac
F00439,registry/engines.yaml,1455,registry-yaml,d6e1c282c4468745a6db9916125ebc73687307675c6b151207b9ffef5e0e6f44
F00440,registry/plugins.yaml,5944,registry-yaml,b748617d6ee949bbbee99fc47bf58c5077e1ee96ad24b01181a177bd6a5193a9
F00441,registry/position_sizer.yaml,734,registry-yaml,e37e381b70e8812a043bd007d10b738b486299fee92bedd5041c3ddbba82b516
F00442,registry/pressure.yaml,1261,registry-yaml,b76469dbb646c516f95d9a529e0a2d84ec5b7946850cde7efaa15584d429d6e9
F00443,registry/regime.yaml,869,registry-yaml,ae8a16b64873b59b82e1854128003136c7544b96498ad22161507fc022eb6d11
F00444,registry/reward_shaping.yaml,1044,registry-yaml,81f5943ed987b4a7509eecca0f9377b0137cf6977b616ab8f5b5c8209b367c4f
F00445,requirements-dev.txt,458,text,0b0cc0d6ae28e3b56a094f54ee2ac5df3343a1d1f0a7e3faa73ba33d7027061a
F00446,requirements.txt,1184,text,ca72a72995fa1b13cb3d1016f3770a8125398fc36d3e72a5d0c0126fac7ef292
F00447,scripts/check_credentials.py,4020,python,0b26ea8233e3bf9256875200782569ab0af7f114b3aa3ac67154bfebe9cea2a2
F00448,scripts/windows/install_desktop_shortcut.ps1,2469,powershell,48a24311b82cf2b8bf51ec50abf5d311f462e4aceb0b03fb695465faddf1ce41
F00449,scripts/windows/install_desktop_shortcut_meme.ps1,2535,powershell,6070d6207cc028fb99ca4642e3ba30469557935060d7eec7b40dcee18abea39e
F00450,scripts/windows/start_dixvision.bat,9698,batch,bc01d143f752d84a1f1e67a15a33d2db6324515aae92fdd69f645f76f5fe239f
F00451,scripts/windows/start_dixvision_meme.bat,7656,batch,f8efa0d9658865a1a2476f107258be911428e86c8c145828468611789145a749
F00452,scripts/windows/stop_dixvision.bat,733,batch,d1a1101ff3060f002688e3ff3fe8c911d6d78de703e3e377f99546aed91e1def
F00453,sensory/__init__.py,808,python,c25bc3b6b916c535c050a906a49a327e83b6ee52ed31fd819b36091afb7fd1bb
F00454,sensory/alt/__init__.py,348,python,f1ce67a30b1528074c9248b5d18a8b70c5e1d87a1a07283fbea701bb9d1e99ed
F00455,sensory/alt/contracts.py,3235,python,62a4b6988e2ec7ae7a090fd607bba1555af8e6d9d8def89fcd511144308d3abe
F00456,sensory/cognitive/__init__.py,445,python,f21087ebc2337aa044e328052b992d8e1743cef5d425ed63a0c68eb76bcc9771
F00457,sensory/cognitive/contracts.py,3522,python,404069f42acd74216be6a485529c878fc77f33f0dcd31bc0f0eb291aa5a7302b
F00458,sensory/dev/__init__.py,324,python,ce622f4c80b7ab536dc983fbe274e0e5ecf506b267bfa6e902e2468947ef17bb
F00459,sensory/dev/contracts.py,2498,python,d122a12e2eb2030fb6d520f2696603bb9dbba15609043432ce8be445eb2a7465
F00460,sensory/neuromorphic/__init__.py,1314,python,abde6d34395c6ef7ee8251861ff889f7fb585f3db84256e6ae6bb2c18648a0c2
F00461,sensory/neuromorphic/contracts.py,8612,python,3fdb9d029f2f45a9212a2d0a032af7a1d6306a194b7e67a899d60d5fff959857
F00462,sensory/neuromorphic/dyon_anomaly.py,3833,python,179eee7f010b157be94893e68498b9179ed677b9428469c673bb5b01d3434b78
F00463,sensory/neuromorphic/governance_risk.py,4316,python,51c1a7a9dd7b498fa55f6ade0d3412d193076820801c1e1582d538a289c60cd1
F00464,sensory/neuromorphic/indira_signal.py,4472,python,bf0cb5fd53cac292f592179b63ab25a2d610a03c300904f4eecb56d792aa7fc0
F00465,sensory/onchain/__init__.py,459,python,eb53a83172bca6bef235f9945e01747a582dd05296fe82f050737e25adc47ee9
F00466,sensory/onchain/contracts.py,2501,python,c0d3a21f8df809424072bd4ed655843e3a4aa4cd216a22890d545444f4f0ceef
F00467,sensory/regulatory/__init__.py,323,python,73ae4dc243eaef77e70c44314bcd09607c84c5d2aa2645f63ea86420ea22f7ce
F00468,sensory/regulatory/contracts.py,2301,python,8944eb22eb66ad524f89caced777e5a52564ece2f6d3d5a50c202124b0a2833a
F00469,sensory/web_autolearn/__init__.py,1645,python,8ab9a9c7c601679df125e0defcaca9dc4c5ef4ee585735dfa21c109166d775f8
F00470,sensory/web_autolearn/ai_filter.py,5161,python,af9d5fb752e4e1f7555d7c992bc8ed33a45dc395e840dd929c365ceb147bf72b
F00471,sensory/web_autolearn/contracts.py,7650,python,bd490819d1bea76a597c0e8f36cc7466584b6c19606f667931df3af6d8d2d6db
F00472,sensory/web_autolearn/crawler.py,6609,python,fafcc651390e267cd8c838bc1b02484b6863c847b1c981360d08af11036af596
F00473,sensory/web_autolearn/curator.py,7992,python,5b384d4f94cc0db6729b524ea43402f468eb9700d5ed8c8bfa4e402cb497ee52
F00474,sensory/web_autolearn/pending_buffer.py,5041,python,7a288a52a3c1e8150b3ee334574f7a111ed73126f7f9477050925d1bf7e82fda
F00475,sensory/web_autolearn/seeds.yaml,1603,yaml,e1c43502bd10a77d51505466a9ea0f806bf5d1263f4acfb1656706c8452fd43c
F00476,state/__init__.py,296,python,17e5b541de6a56243fc92d866da068ffafc10ac0e7ab362458bd4cf7eba6c7d3
F00477,state/ledger/__init__.py,79,python,7f1b16d18c72c4579d460938e22f16c0856d8165cff9d121abcc4d84769bd305
F00478,state/ledger/reader.py,2150,python,36864966d9678429a3110a5d233a623ea0a5dbb8d48fde5ae71a3a77b7718d17
F00479,system/__init__.py,514,python,09e24785d045fbf912af94338ac3d6202e14666327b91dc161fca4fdd2a4354e
F00480,system/kill_switch.py,7245,python,574eefd3fe4afe4657e90ae385a7056c3fa8d56f6494fe4e6e549ddbb6679836
F00481,system/time_source.py,3850,python,1167b5611197508c05db6238664b99da261337f8bf9a6e61439795bf88149285
F00482,system_engine/__init__.py,265,python,5b3c6531e1fdf6fde5dc12a19be1e72ce179e45d8dcca598fc12dfe0f260d75e
F00483,system_engine/authority/__init__.py,864,python,147ceb49857c41a09761fc6294efc7f1a4d70dd7d4f0f6e2401ce9a49c5a0f9c
F00484,system_engine/authority/matrix.py,8969,python,92fd073f93b22dd4304e6f43ae833bca7e3f2f78747e3d6e3ac332079da972cf
F00485,system_engine/coupling/__init__.py,1877,python,33b64a3f1f908154b349fed5db7d618d9f27b61b496171292c89cea83eb76ffc
F00486,system_engine/coupling/hazard_throttle.py,15725,python,25f532f2963d8e4e711068e936ebd2cc94995d6a39111f08a4dc9d64143472a9
F00487,system_engine/coupling/hazard_throttle_adapter.py,4781,python,7b6fe1e9ef5b2c75719948d9ca66e7f3587226b3d6175ea09821c03f6ed75324
F00488,system_engine/coupling/risk_snapshot_throttle.py,2397,python,4b530c43af46c28f1eda3a09f368a2d1abe776f3fa674775f4b1f15f1fdf9ed1
F00489,system_engine/credentials/__init__.py,2984,python,563dad0128061943b7a80714a1ab162c27cab1bdc18c0b90c0cc61af420a0bf9
F00490,system_engine/credentials/dotenv_io.py,8065,python,67875e03fe340c0701e4a5a3958dc56cc7198d609303db6a066ab5f1aec2ccf2
F00491,system_engine/credentials/manifest.py,8724,python,ae92300e413ed9541dd8ef730343c005ea5045d2c71aafcfc97837a703776237
F00492,system_engine/credentials/status.py,2610,python,172dce0af2958887c8ee62d055f36bd1e83362fc14ef4ad2fced439294cab7a9
F00493,system_engine/credentials/storage.py,4552,python,250458a9236f3d5028ee99e372034e9067fc505fdbcd002bca0c3dba075a5841
F00494,system_engine/credentials/verifiers.py,13438,python,403435e7149e4da292766785f58dd47aee5c3508899df8bf71386bec7a4f84bb
F00495,system_engine/engine.py,947,python,f3d912c581fee5375aae11f8ac79d415d6d8275cee44bc3d604ee32baec69229
F00496,system_engine/hazard_sensors/__init__.py,2951,python,f4c4f176cb83dbace7c985f613b1de0ead0e7c1d5f11c249ede93530b9b03d74
F00497,system_engine/hazard_sensors/clock_drift.py,1762,python,592efcacaf0a950ebebfc4b225a1ac18345bf2d93af232de243d9aa7b3c886f7
F00498,system_engine/hazard_sensors/exchange_unreachable.py,2100,python,8de9bebcbc596cc0a09efc21b78050876709a9ae6e75467386fea15cb3618bc8
F00499,system_engine/hazard_sensors/heartbeat_missed.py,1951,python,c9586b5971816e09d5a3b69797a15e21206351d44786cae4dccb1133361e7556
F00500,system_engine/hazard_sensors/latency_spike.py,2114,python,3dc7b76ac139abfafb28b721e3339a12d859c4bd5138d5796ba9bf5f8b90c389
F00501,system_engine/hazard_sensors/market_anomaly.py,3149,python,ca79965848a9909248369565ae8b0dd82b3b76f11dd0cd98566fe8385f48ad1b
F00502,system_engine/hazard_sensors/memory_overflow.py,2600,python,e8e6a6f5912c33332a0e2dc0af4f420a7600d2717a22785242fa7dfedf54138c
F00503,system_engine/hazard_sensors/news_shock.py,8112,python,f4414a7f66072a185d05cca15aa90f8147e7d24fb566d561cec15b493ea6ef08
F00504,system_engine/hazard_sensors/order_flood.py,1926,python,e45e5cd14bd12df3820848e5d880d3308208af9512827b95c239cf1be9007e71
F00505,system_engine/hazard_sensors/risk_snapshot_stale.py,1987,python,df824623863d3f4e787c3a6b6f16d975679e909d8ebcfa29469720948219e0db
F00506,system_engine/hazard_sensors/runtime_breaker_open.py,1612,python,9060cd261b0bd9d47196611f15485280afcfb440757e631af9f32a18a174157a
F00507,system_engine/hazard_sensors/sensor_array.py,3171,python,cf4db9bd9b90243640b073fa34e1dc4eda89c3b43b15ceaa06c225aed466c407
F00508,system_engine/hazard_sensors/stale_data.py,1952,python,c126c097530a95c3c325ecdbea2cc1d292b35e1f8693f22adacf0ceed5211a70
F00509,system_engine/hazard_sensors/system_anomaly.py,2508,python,5d2f1fd6a9d6bcc0b2a0c7eaaa9d69263a936db2100fb287bf4bb70e1fe7a7e0
F00510,system_engine/hazard_sensors/ws_timeout.py,1967,python,1e961b45c941b2c6f5d3236a1ab7abe21787e0db97d794daa5bfbb0504f2a982
F00511,system_engine/health_monitors/__init__.py,824,python,206e1ff4ad20657b843dc88375633a2fec993b06780ff21aef308b6fe1962037
F00512,system_engine/health_monitors/heartbeat.py,912,python,f61109d84c2f0a7c0678e4a3823801c7b08c3eec0a69dba3a10338ce90500fe7
F00513,system_engine/health_monitors/liveness.py,2717,python,c283e478a7189ba12821b75f3cb4da1fe9aa66d5492ed3cb4033fe4b4a1b97cf
F00514,system_engine/health_monitors/watchdog.py,1219,python,e1d11ab89e32f1deb011d573217c7fa12f82b1a65f50058bd3834603a56cce57
F00515,system_engine/scvs/__init__.py,2751,python,4901cfe52bbd16e8d90bfdd2dc8d9782b235b362b020b2401d766e78936ed7f3
F00516,system_engine/scvs/ai_validator.py,5975,python,dae7e8cb2ec949c663ee2103fc4bb8152b2f717610332ce2c8f8ee36cd2b39a6
F00517,system_engine/scvs/consumption_tracker.py,3634,python,67c16a742a1be2221aa6b6bacf056c237099f465cbe995b74c379e747fd635a2
F00518,system_engine/scvs/fallback_audit.py,2268,python,954c3530786cb2876550537478f541669319331396e4abc0e9e3376f9aec12e0
F00519,system_engine/scvs/lint.py,4178,python,8027f722e4ad2d63571bca62cdc53d181e4c780543085faf1d31459ca3711ea9
F00520,system_engine/scvs/schema_guard.py,5758,python,ca9c21cfcffa548c35e2ab788f145025bd669d8aef499673274f9e6b00be6edf
F00521,system_engine/scvs/source_manager.py,10117,python,32339c3dcd80a374200e00086ee5a86d97a5c4271d95516b1aa0aedb8c6fa01d
F00522,system_engine/scvs/source_registry.py,7945,python,e0d3bb4e82248f6f400e8283a43d08c6428dfbfd69ca664438874d45ea4f217d
F00523,system_engine/state/__init__.py,915,python,68bcc75bc3a467daaed013591447a970e68cee8b2838027d81c031b04e18dda7
F00524,system_engine/state/anomaly_detector.py,2390,python,e2e5f7d91fd076f7689854513b8887e0dddbfcc7e80e5d263423e1ab1ba27dee
F00525,system_engine/state/drift_monitor.py,2054,python,d45bc69e1351d439c047e8c9ca0442550e90379e0899e2ad8b87ec486864663a
F00526,system_engine/state/system_state.py,1831,python,d7616d5879ba8e43bd586ad02c44153d59db19b306ad2f4c9e7a88f8b5c603ad
F00527,tests/__init__.py,0,test-python,e3b0c44298fc1c149afbf4c8996fb92427ae41e4649b934ca495991b7852b855
F00528,tests/conftest.py,1032,test-python,6ced7aa23255eff0a797c008a2aa1cb94e5c6b2d090d7933d196abe6f5092d31
F00529,tests/dashboard_backend/__init__.py,0,test-python,e3b0c44298fc1c149afbf4c8996fb92427ae41e4649b934ca495991b7852b855
F00530,tests/dashboard_backend/control_plane/__init__.py,0,test-python,e3b0c44298fc1c149afbf4c8996fb92427ae41e4649b934ca495991b7852b855
F00531,tests/dashboard_backend/control_plane/conftest.py,2079,test-python,79177ac104cbbca012895949b2c4ebde22b0c8f901decc32f833506ebae96ea9
F00532,tests/dashboard_backend/control_plane/test_decision_trace.py,2549,test-python,1f4e78dc00aa7b9c266f3d4bc888f3faa40bde4c1d65e001955906da65f292f3
F00533,tests/dashboard_backend/control_plane/test_engine_status_grid.py,2184,test-python,5871aa21df6547b17339211c16262c8f8f73c3023ac0672bb4be232ed71bd6af
F00534,tests/dashboard_backend/control_plane/test_memecoin_control_panel.py,3623,test-python,fbba85d3b1ef67ef9cc2c453fb2cbc1aca6b9cced049b30cb2fb763147bd8dcc
F00535,tests/dashboard_backend/control_plane/test_mode_control_bar.py,2558,test-python,cd54c9ec8741aed4aa062fc0dc8453a6482151e79f72cec2f1aa22be7c985ff3
F00536,tests/dashboard_backend/control_plane/test_router.py,2496,test-python,e09be8356db7cf8d76223f776c2b6a8d04b3acfdda14ffa5c2847c411f742dcd
F00537,tests/dashboard_backend/control_plane/test_strategy_lifecycle_panel.py,2070,test-python,f1062434e9b83462bac2fb3553c6bba9e007b404f16509d99b83560a72f42c55
F00538,tests/sensory/__init__.py,0,test-python,e3b0c44298fc1c149afbf4c8996fb92427ae41e4649b934ca495991b7852b855
F00539,tests/sensory/alt/__init__.py,0,test-python,e3b0c44298fc1c149afbf4c8996fb92427ae41e4649b934ca495991b7852b855
F00540,tests/sensory/alt/test_contracts.py,3012,test-python,fd33cf8bd3c5d7fd604b5bd2593eaae6602d7fff0d598dfe1b6f6115660e530a
F00541,tests/sensory/cognitive/__init__.py,0,test-python,e3b0c44298fc1c149afbf4c8996fb92427ae41e4649b934ca495991b7852b855
F00542,tests/sensory/cognitive/test_contracts.py,1748,test-python,9cb4a5d79814220e2e89bfa6077f3793d56f6790541875e630b0a096dbe5fb31
F00543,tests/sensory/dev/__init__.py,0,test-python,e3b0c44298fc1c149afbf4c8996fb92427ae41e4649b934ca495991b7852b855
F00544,tests/sensory/dev/test_contracts.py,1494,test-python,bc11f09df013030d8e427235735e02369980eae8060c1ee508a2c052724d0709
F00545,tests/sensory/neuromorphic/__init__.py,0,test-python,e3b0c44298fc1c149afbf4c8996fb92427ae41e4649b934ca495991b7852b855
F00546,tests/sensory/neuromorphic/test_contracts.py,4929,test-python,ad661b67de1fd8f7a168abfe213f913634f1e5119895cd4634bcd0da09113f69
F00547,tests/sensory/neuromorphic/test_dyon_anomaly.py,3546,test-python,32590d1cfddd3b4668d0a79a194b3f7514b44178631cefe3009d142125718004
F00548,tests/sensory/neuromorphic/test_governance_risk.py,2864,test-python,d0f210e6b8060fdc1ccd6a2a8d32bec8388a812088957504655a784b351d932e
F00549,tests/sensory/neuromorphic/test_indira_signal.py,3537,test-python,93590023c5c9e2f22f44b7d3a8d292bbfe4909c884bf1393aa2e736a109230dc
F00550,tests/sensory/onchain/__init__.py,0,test-python,e3b0c44298fc1c149afbf4c8996fb92427ae41e4649b934ca495991b7852b855
F00551,tests/sensory/onchain/test_contracts.py,1695,test-python,a90499e9cd9a8bdb3e4aea29a4319a5cafd4b6ece292d457f2e4b8b977f17027
F00552,tests/sensory/regulatory/__init__.py,0,test-python,e3b0c44298fc1c149afbf4c8996fb92427ae41e4649b934ca495991b7852b855
F00553,tests/sensory/regulatory/test_contracts.py,1364,test-python,16ac42c5bce64cdd497ff26d4df513250e2a8aa49f54453bd0bd2ee19b16390e
F00554,tests/sensory/web_autolearn/__init__.py,0,test-python,e3b0c44298fc1c149afbf4c8996fb92427ae41e4649b934ca495991b7852b855
F00555,tests/sensory/web_autolearn/test_ai_filter.py,4089,test-python,f49a439908e642f41d0a7ac83d62551346460e11f454ce5b41c57fddb5216cc3
F00556,tests/sensory/web_autolearn/test_contracts.py,3914,test-python,69d1010c5bae7d7d1f6738fa4ab193416815265587444643ef8938b2f124a097
F00557,tests/sensory/web_autolearn/test_crawler.py,2798,test-python,367c2bc2379dac6bbc953dde1ec1febb76847f33250c3853d21aaa6e23716676
F00558,tests/sensory/web_autolearn/test_curator.py,5964,test-python,c77864a9f8721299b82b130dfd7b0d8ed6eff92135914206b71d69ad4211f1db
F00559,tests/sensory/web_autolearn/test_pending_buffer.py,4117,test-python,a0e696c4fdb9b07f1c82daba1426993386fc8d3fbe37203f31d75dd9ef6280bc
F00560,tests/sensory/web_autolearn/test_seeds_yaml.py,1494,test-python,5fe45255ecfa1835d98c7b0857c46db9988c0a4ea6a110a860f2d3849899dc5d
F00561,tests/test_adapter_registry.py,1485,test-python,df0bdceae8d4c65ee457d8ca1f769c25ee512b7238cace5676b2fe6328ebf4c1
F00562,tests/test_adapter_registry_lazy_uniswapx.py,4024,test-python,e479f27a64f5b063ad48ce74a0b6e91c39ab9fdeb4b2b4840784f1b55e1e02a3
F00563,tests/test_adapter_router.py,4925,test-python,2af31c1d3ea2285d4093c060c79760164ca13dfde681efc66ff5bc97b202211c
F00564,tests/test_approval_edge.py,7947,test-python,5f3fbd90b535c24bcbde2dbb11113d13ab4d6596552a09472630b4581d762445
F00565,tests/test_approval_projection.py,12087,test-python,881fc76f550bbfc8ab6ec78394df5e21f02a5eea8b04acaf93c2da9beb8801c3
F00566,tests/test_approval_queue.py,5632,test-python,9dc2b3fda65a6f7b9fb9ab7bbea2ec6d59c0ca77947395c2709d6c479fb42793
F00567,tests/test_audit_ledger_checkpoint_saver.py,10114,test-python,7f7c8a0c27c8ce3df24507a1d2f0f3a99158890b15a10a04d9e64670273c8945
F00568,tests/test_authority_lint.py,26822,test-python,ddb38037c83b6773baf0342440da8693562bbc6317cd1b9a9a9b5959c56a66f2
F00569,tests/test_authority_lint_b23.py,5355,test-python,8f680887472677a27a49954dc3a3d6cd7d069b0cc2840564a2d4e9424a66839c
F00570,tests/test_authority_matrix.py,6300,test-python,24cb29771953e68475335480fdd2bec9d00f01a5a74409c25bc6562b39538456
F00571,tests/test_authority_symmetry.py,14981,test-python,043f95d9a2709dc93f33d8d7a034fff8d2e2a1e74772a0f4cf44dcd890ed8ec1
F00572,tests/test_b30_belief_state_unify.py,10712,test-python,8c1d8fd472d9c77fe47f99432272d7beb6f1378ed94ba9caaf9822e6002ae81c
F00573,tests/test_binance_public_ws.py,15745,test-python,1a649a9b311217924552f92ffeb1730031cba56d8edf6f8ec82e9a8c09a6e1b7
F00574,tests/test_bls_http_parser.py,15843,test-python,b528b715daac0b16380a528908a6e49f02a51115c7a87d4d8cb42202b9186826
F00575,tests/test_bls_http_pump.py,15311,test-python,861a584f06c3dbece04ddfe9536a8d86ea321049c734d10ddf2ef6e6f58a3c6e
F00576,tests/test_codegen_pydantic_to_ts.py,5435,test-python,a19c50a61a86de6c1cf82f6d058871a96ab74582b3908b6cb7ef6231d80158c7
F00577,tests/test_cognitive_approvals_routes.py,7128,test-python,9fe6afbd65fdc730e1bba5b72533a606f8537d44efb5bb10d245beb652dec36b
F00578,tests/test_cognitive_chat_graph.py,13966,test-python,af1b1c87b9d76a370539cc2dca9fadafa26bdd4a04218c973d5dd4266e955251
F00579,tests/test_cognitive_chat_runtime.py,20096,test-python,89fa5c4897ace1da57933552a3e6de84cadfc330408321855ec69e50bd30e594
F00580,tests/test_cognitive_router.py,9268,test-python,21432ba12c94b7a3c8aa67c27ff643b5ce2d7b5370169bc02975fd57c811590c
F00581,tests/test_coherence_belief_state.py,5082,test-python,4274b5935ab3df7e54c2f46bbddc542c5f1abf6c17c5f62a3add0b3a6e82bea6
F00582,tests/test_coherence_calibrator.py,14841,test-python,2bad7335ad5047a5b7ab2ca77732c4455bb7e09660c5909ee42c43b85ccbb5b7
F00583,tests/test_coherence_performance_pressure.py,8448,test-python,be593c08787a597457081960086bb5cc33bbc7668654c5cd8c4d562eff642881
F00584,tests/test_coindesk_rss_parser.py,9121,test-python,6fb2a25414b428397c82fa4e93e421553335655cb37cd62851e6022a5cdc7ff9
F00585,tests/test_coindesk_rss_pump.py,8154,test-python,8e3bd9b639624dc83f478eed675a243083c3537daabfe62b99e52cb4d905eed6
F00586,tests/test_constraint_engine.py,11230,test-python,d898b53fbb14cef0185a7407dabea57ef63c5209f800d910e7e0c1e3f27e7d81
F00587,tests/test_credentials_dotenv_io.py,6287,test-python,56b755e19a4b1f56f9663e5a978bbde769895e41930ccd9636493bfee1d53e84
F00588,tests/test_credentials_manifest.py,9571,test-python,5e5dc9254a4465e5759e29264b725173d4ebc7260f8593877332d2ad8a872692
F00589,tests/test_credentials_route.py,3773,test-python,2f08eae2803419ad3ebd2c892e7f884bdc3f900fb52d04d0619bd0033e1fad69
F00590,tests/test_credentials_set_route.py,5149,test-python,d6d0c5ab3e5eac7662ec293e5cf18e1ec89603d6dbc11a58d6e4edc8d0b8aacf
F00591,tests/test_credentials_storage.py,4779,test-python,03cc1db35a747d4033f054608616d292af3f70ecdc9b1db76a862f782c5bf98f
F00592,tests/test_credentials_verifiers.py,13017,test-python,9b41743feb6c8398fe45bf800eb001f0b311c076875c6260808e328963ec5b1b
F00593,tests/test_credentials_verify_route.py,4472,test-python,6202d7ddee1f8e37bfb8fb4e4128af267d5f0175d721e95313071e99c9e57432
F00594,tests/test_dash_meme_mount.py,5477,test-python,2348d3ad9041d1678e3b16efb9aff497d17a26d30ce2b704a039e5ee03064a7d
F00595,tests/test_dashboard2026_routes.py,3826,test-python,4c80af8ba201e4d4b8451677fee48555f3ab289822916c4c76374615760e5df0
F00596,tests/test_decision_signer.py,4030,test-python,7be23d1dc1e1fae2e957e8ee38f23d87158cfab877846607b88b87f19afe3e37
F00597,tests/test_decision_trace.py,19633,test-python,e261f10df671270cfb534dc78c3b63de445d9c93a20b4944f0fb7a7994566b14
F00598,tests/test_decision_trace_why_layer.py,10340,test-python,c474921da53ef0f057658a11d1e2dc2bc3523679bd57557a90778d9cfae8fe1b
F00599,tests/test_drift_oracle.py,11638,test-python,a7ff094bf0284826d9b35b1f4b5b56584cd80e3242e4d7e98de33d33c5f91a69
F00600,tests/test_enforcement_facade.py,3212,test-python,8d95b677c154855a18529658c2f61b13539ff52f1fff273253263d08059d6155
F00601,tests/test_engine_contracts.py,3316,test-python,60659f33b088c7c6ceac5e38d38d9f5ac60308b317f58f53c6045428a9e04c08
F00602,tests/test_event_provenance.py,9011,test-python,39d4bce9a4b00c8dbf466cdeb73a24d4c6a5d31aa8204d2d89300e84d4556810
F00603,tests/test_execution_engine.py,16741,test-python,6db7ac7c6040042bee6404f54601b1162c3fce7810d0868347023ee732cb0fe8
F00604,tests/test_execution_engine_learning_loop.py,9310,test-python,17dcaeb0defbfa04f0ec2319cfd6396ff546f0543e16d2a29d9342246d56c4d1
F00605,tests/test_execution_engine_throttle.py,4622,test-python,b40775caa3c2d86f016c789c2e8d301c448a547fb971b443920eb87d18681607
F00606,tests/test_execution_gate.py,15722,test-python,497ff1abdde40288ed7dca7580b65eebbbc055e7894bcd59cbcd27cbdae1ea38
F00607,tests/test_execution_hot_path.py,5208,test-python,a5f92328ac3e33afb7e1d8ec3a0a1f5f47c8e2d8ffcc0b7cb2e309fd41527d35
F00608,tests/test_execution_intent.py,10148,test-python,6ba656851d0f4e9fc1c17ed6ce526beb5fd8c406da4a73f2a82ae00b4ab3da3d
F00609,tests/test_execution_lifecycle.py,17363,test-python,224069636c668872b4ec41abde94db706a3da02bd9f29e9708867e3a17995ca8
F00610,tests/test_execution_runtime_monitor.py,5071,test-python,49a8b21c11a30a5293dae90f3c6e7077486fcb22e81dbef5a08b428bf21404c6
F00611,tests/test_fred_http_parser.py,8849,test-python,7a9d2a7458fc6f6a9fb0e33a2d4db449fcbb97af034bf66083ee885493bea588
F00612,tests/test_fred_http_pump.py,13006,test-python,d209a47828f76f90ed4f6cc665cb8450e71404a2f447026e20769906cc7f2392
F00613,tests/test_governance_control_plane.py,27866,test-python,6a621f74e1982d179b0a86d3401cccb20d3db4cee1b3c29076a7ca87864e657c
F00614,tests/test_governance_fail_closed.py,13778,test-python,4bfd3a3ed05b191b2187fb0dff27b714cccae6f8f45aa5d50c35b83820a798ba
F00615,tests/test_harness_approver_gate.py,3883,test-python,4ddc7ade3f8ac05c569518214fd5ab677d85ba0ba12c51f798c54b323cbb694d
F00616,tests/test_hazard_sensors.py,22586,test-python,b9f48d61b332fe927ee4c6f0f29e570d9b201f93977ad654a86af95d5b553200
F00617,tests/test_hazard_throttle.py,31372,test-python,7e0fbdaee4833d5082af269b30337b1e013de98f56a6d78644dda9c4f475ad36
F00618,tests/test_hazard_throttle_adapter.py,3399,test-python,83a92ab8548eda868c5502dd469527e154dd86b539e92a362049dc6ba7468b8c
F00619,tests/test_health_monitors.py,5239,test-python,413884b3eae412af7ab1bab2bd9f230aa36a468c6782c2ac61672d65a386f584
F00620,tests/test_http_chat_transport.py,22500,test-python,9349da9f011346c19d6ffcba867880929be70bbdec8cd588cdd29de8fa740f65
F00621,tests/test_hummingbot_adapter.py,13110,test-python,0ff7600096e989bc4afcfe86e28ef48f154b8f22244cec04f5c6792016c67c9c
F00622,tests/test_immutable_core_axioms.py,2439,test-python,49541223a6a3c5c3c83323de83091861d5d2f37febb7a3c0960d6938b1a4e183
F00623,tests/test_intelligence_engine.py,9198,test-python,4a014f3f8f365d13f0576fc9532bb0c07c0f03b55fd403742ba7adf253ac4e24
F00624,tests/test_intelligence_engine_wave1.py,7509,test-python,cb8c6a63db2c1213a643c5e17ff9b1326a5ca4d5bb337bbf7157ac1d61095ecb
F00625,tests/test_kill_switch.py,3287,test-python,6cc3cdce475e1bffa7080007a0ef61338768c8921a149b80deba9c6404340948
F00626,tests/test_learning_evolution_freeze.py,8898,test-python,87502b2e32d0342e1bfda9ce8a7b5c91a0bb0d04584edf4acf9ec8d6c7239ca7
F00627,tests/test_learning_interface.py,4915,test-python,067d3d71b31dfc0fa1452d337090cdae24b7ee6e7d90bdad4b6bbae3c072d6c2
F00628,tests/test_ledger_persistence.py,7132,test-python,3071136daf88b50d97b3e4b2d14c84dcbd98e0348dc8fee5ab932ad47a6505fb
F00629,tests/test_meta_controller_confidence_engine.py,9299,test-python,56992b1b6215d592d94b0b3bece11acb8582219cb0f1283d0d0b10f507e10260
F00630,tests/test_meta_controller_hot_path.py,9906,test-python,0b6b27deee34d151fc727c41bee7aeb922421427052a9384d691159016cddb7f
F00631,tests/test_meta_controller_orchestrator.py,13637,test-python,75c2f2e17a5ad6fd752eb6765e77c6dbb3327f0acfab111a6e237b99239fbd2c
F00632,tests/test_meta_controller_policy.py,13598,test-python,6f73e0a6faa4f13a1ead85c4ea312abcd7027cf9a98af163c948c6c5f4ead883
F00633,tests/test_meta_controller_position_sizer.py,10757,test-python,a7e16d3b3e933d368ebf4a4a14cf3c51686d9f59e34edc59c40792f1f0eaa3ac
F00634,tests/test_meta_controller_regime_router.py,10713,test-python,8037af4551c38df93e80809c45ea03875c2119d5e40a3f52b505204ae25059fc
F00635,tests/test_meta_controller_runtime_adapter.py,13176,test-python,09b16ae462c12ec9a1ad5cdfe3d30b31d45ee2cf711dd2c93ddd5e0bdb0d6287
F00636,tests/test_mode_effects.py,9344,test-python,6fe28de6b0600f224a9e73f286762bcf4a55bf5b3012a7e6a1c6bfa99b921ad8
F00637,tests/test_news_fanout.py,11450,test-python,9410b08124faf48f52bb22987ee044714df5bf345f696cfb058e49f76a75f6c0
F00638,tests/test_news_feed_runner.py,4942,test-python,b5ab83b0978b7364563941cf6abf45bc59aeb2199d9e31001fceac3f8c13dde0
F00639,tests/test_news_knowledge_index.py,5786,test-python,314e313ee5abbf7728683bf5ef9a57d7d7feb7c8b4dd8d70b6e8467a37fb5f67
F00640,tests/test_news_projection.py,9215,test-python,ca91d7fa3f7f422f9c8ea4628c0a0d6ad5f26020d1d2dc8160f094f2979e5b5b
F00641,tests/test_news_shock_sensor.py,11186,test-python,6f35376547e65973783e9f03f957118c74d0463a186ee1e258e2796cf6efc933
F00642,tests/test_opennews_mcp.py,7103,test-python,5c47e292b8d17aeccb8eac29dc852f5987b46ce133286d3d327e23fe3598f750
F00643,tests/test_operator_attention.py,5791,test-python,1374c8d27bf2b261157b769ba7d480a2bd75ae468785cfdd9d7a2e46b79e0e1a
F00644,tests/test_operator_dashboard.py,6146,test-python,eea6620fae6dddf6213c47f6ba6aba2cca60c8cd962d204f2add67a7a040cfde
F00645,tests/test_patch_pipeline.py,15885,test-python,2602afe944c0d6565d39b7f31773fa9cc92a062a4d467e020bc6961343f977b8
F00646,tests/test_patch_pipeline_orchestrator.py,15080,test-python,831e839c735febbd4f000c1267653177b16acb6b2838a75a40a382119d45b177
F00647,tests/test_phase5_closed_loop.py,18921,test-python,03e1db9d70c638840c5dbce4e03e4b551f0aa42db8db609ae2aefe4adab37053
F00648,tests/test_plugin_routes.py,4263,test-python,1381117eb6c3b1402f4a524705100c69b50ab0067484fd0366686bfe3969bde8
F00649,tests/test_policy_decision_table.py,7145,test-python,f8103c167cf5b7294cbbf7cd19852464d7c633664bf6262275805ccc25d470b8
F00650,tests/test_policy_hash_anchor.py,7105,test-python,4b97613722839e69810c28c38cf3a52658d5fc1ce4bfa6aca468de0e963d2de8
F00651,tests/test_promotion_gates.py,14053,test-python,974323faf169f8f19ff0927af0911a4be67fd5117367e5d1dbbe89ece8b0e125
F00652,tests/test_proposal_parser.py,3945,test-python,6f5f68e0ae91324a6c7030382c306aecb8bb29c99f5c813cec97883dd5bfac80
F00653,tests/test_pumpfun_ws.py,9555,test-python,891b218223106ba7efe7c5077276e655b09ac5cb8273737925b91247359d60b3
F00654,tests/test_raydium_pools.py,8917,test-python,1af22953f69ffa4755c4280e96bc9ef255f17c0b5b995e7b3fdcbccc8678e5e3
F00655,tests/test_registry_driven_chat_model.py,14879,test-python,70f2cf1fe6562aa4141c34aed6603bc8cf0de935618cbe6a943c234e007931be
F00656,tests/test_reward_shaping.py,13268,test-python,4d1bb0c249565e79344ca99d7f3f44d16dcc9f3a4a879b61d88948c4cf6b015c
F00657,tests/test_runtime_context_builder.py,6394,test-python,9148d64c078ec8a95c6064f823548d4348193228f4659922179f8bacbd374cec
F00658,tests/test_rust_revival_reminder.py,9828,test-python,a36d4eb062d4c9a5fa636ca48c6a4c27768c3121679f5d062a03e827e7550b08
F00659,tests/test_scvs_phase1.py,15454,test-python,3fe2547dd63dae64bc40e206fd9b061486d869c92f2b99e4bc55c1f0048466be
F00660,tests/test_scvs_phase2.py,12842,test-python,a02a9562e25fcd1530a59704b117d28f27704aa4c56150aae45bdde4c5cb9708
F00661,tests/test_scvs_phase3.py,15007,test-python,9fbe6b154a96edc587f0b22a472d8864bb83514b74527b497fb8d780f76b32e2
F00662,tests/test_signal_pipeline.py,7767,test-python,7d1c32e9ea9add176a92fca05c9e58b81b60f0af0a9790dae22fe3fe51938761
F00663,tests/test_slow_loop_learner.py,7190,test-python,addb0b1500fe1a342fc442dbf6efcfd040f31e2022bfb5a480c40895a2ac1bde
F00664,tests/test_strategic_execution.py,9503,test-python,1e525ac1f14993440cb0c37a8c69bc47424f496977f6757e65c732b88c35506e
F00665,tests/test_strategy_library.py,11968,test-python,1cc2c617bb5faadc1b065d908a1bc0f4ff020ad6446d2e932ddd0281cf7de955
F00666,tests/test_strategy_registry.py,11368,test-python,c0e98cceb5a7805b9ffd8dcde29dabd98dc13d46562156ba56c5101199980202
F00667,tests/test_strategy_runtime.py,15518,test-python,3ea55e5550cc3be6aee4c838c41a1a4b6f95c6a757c77c61c257f8013d620bbc
F00668,tests/test_stress_fred_parser_fuzz.py,9039,test-python,719f0c2739cd7212f95d2df78f27d98370f086f95b3b9b15888b45a72e95af1d
F00669,tests/test_stress_mode_effects.py,15858,test-python,bb383bc84d7a46695274a00e4216083276a5d2f09e964b427f204a9582c461ad
F00670,tests/test_stress_strategy_registry.py,13551,test-python,e0d94f3632ea5e579244b5318d99c64444a99cd5b29a5ccb1338ea1acb392057
F00671,tests/test_system_intent.py,14907,test-python,90d19fb108733cf1e238a4057acf1eaafde9f82962acb788bd25bd7c62dfc9b8
F00672,tests/test_system_state.py,8296,test-python,9539d24d61a79f6738c14b95584bb6109bb3072fee39b8f93e34b13b2a3c033b
F00673,tests/test_time_source.py,2528,test-python,c12012d00fd365044486c38a47f2c94d812c23157d613da9803c4b00e6c16589
F00674,tests/test_trader_intelligence_contracts.py,7955,test-python,19f9ddba38d9aaee3b23340de6574db164c75f01c43d61d800bec3c3e936b421
F00675,tests/test_trader_modeling_aggregator.py,3320,test-python,2d5374b8a025fce19d8a4ee1c583f3ed3b53ab8377187fbcad931298bb03de4e
F00676,tests/test_trader_modeling_observation.py,6823,test-python,82e294d3c60573c2982f76bc7e08bb16c9af0d8fc703f5428790169f288fa0d4
F00677,tests/test_tradingview_ideas_parser.py,6720,test-python,6d01b4ff58a35c48cb33bb263fecfe4a2f5bc388f888587c3a7e935edfc6b385
F00678,tests/test_ui_dashboard_actions.py,6757,test-python,33d9bd7846490a6a726104e7c8b807750da6094b994cf3006f4b78b08afef449
F00679,tests/test_ui_dashboard_routes.py,5481,test-python,8cd89299d2455227ed7e2736188bd12e62d622975d5e5448197908197c34e9eb
F00680,tests/test_ui_server.py,4516,test-python,18b7946f9b4008b2798ba5bb3da762c2a5031bd038081b825b7ef64840e5d867
F00681,tests/test_uniswapx_adapter.py,14061,test-python,57592ed4b8a46e1c558a233f556af24679f6bafab80a9424c4b1ffff78437de4
F00682,tests/test_uniswapx_quote.py,5610,test-python,fcafd537b2626dae01081c7855021662eb1e2b4c5b40e12f725803472f2b2038
F00683,tests/test_uniswapx_signer.py,5406,test-python,f732a1e425e38a72f32f2731c799c5f8572fa722be3cf4e9f3306d993589a086
F00684,tests/test_update_validator.py,18506,test-python,ef431376fcb1aac6f5c38d2f90c777a7febc883e87ff543be7022992e8c3151d
F00685,tests/test_weight_adjuster.py,16787,test-python,0d1afaa1242d4dadaeb3ce8cf34830107a9b35875808b342ae2641fbd72c37a6
F00686,tests/test_windows_launcher.py,3261,test-python,e43cd9518bf92fdfc75dd25a19e16533fd6c1b1d3b0681e04d23a89d95365981
F00687,tools/__init__.py,0,lint-python,e3b0c44298fc1c149afbf4c8996fb92427ae41e4649b934ca495991b7852b855
F00688,tools/authority_lint.py,68753,lint-python,ba2a4afab348239a5090c08bdb320866a0009e3b0674c3088ada288e389fa5d2
F00689,tools/authority_matrix_lint.py,1130,lint-python,126b0f79ba545c6354dabf1d8728a8976e1ca18fac01cd822cb513ee651698f8
F00690,tools/codegen/__init__.py,0,lint-python,e3b0c44298fc1c149afbf4c8996fb92427ae41e4649b934ca495991b7852b855
F00691,tools/codegen/pydantic_to_ts.py,9360,lint-python,5690ef33f1dcacc5177888e9e449502065e94954decc952b4a9863f7163830eb
F00692,tools/constraint_lint.py,1244,lint-python,7f6a868e72ad4a0f5830a509ddd6fbdae7e01d6c751d66e37b5a950c196fb015
F00693,tools/rust_revival_reminder.py,6991,lint-python,675629fdbe3d62cfdd60bab8834f4a747ec2bf5ca110dd281d20f448e2b87398
F00694,tools/scvs_lint.py,2242,lint-python,e851926aa3a8993b5e2560f3adf1fae17bb8eb03f476ea39ddfe9e938dfc064d
F00695,ui/__init__.py,264,python,3b9dc5cb90f40ab316d732005eb98454ae9153c195961d88e7db80b0d686700f
F00696,ui/cognitive_chat_runtime.py,17849,python,ffc573b2ebde9c530f997344fef026681942b850d37814a9416d0974236baa4b
F00697,ui/dashboard_routes.py,11155,python,2a08da06dc2f4819d0c1f02bb7d296cf786c44f300add8d4a19885adf20470a0
F00698,ui/execution_routes.py,1317,python,7460b00fa69736d949f348e50bf43b6817c103619e68f5aef60d69857c3da451
F00699,ui/feeds/__init__.py,1034,python,5500954d0f389dd200b01775a45bbf751a8dd3df0aaf14622df43ac7cfa3a6f6
F00700,ui/feeds/binance_public_ws.py,11754,python,25b16d97f09614890fdfe2dca06815ac68e91fe878b903ecbef5ff8da955c6ab
F00701,ui/feeds/bls_http.py,25587,python,fe240a4e59412c4a807666d1b96749c13d574aca2e16906def2734af3f06ece4
F00702,ui/feeds/coindesk_rss.py,14619,python,20cbc639330bfd8b02e12892cf89a5a2d55eafb132ec7745ab44e1d78580b878
F00703,ui/feeds/consumes.yaml,933,yaml,0b4ad1db6f4667d92252d701f512cd79ea569af4948e11fbfc98bf45fcf1ed86
F00704,ui/feeds/fred_http.py,19505,python,3bbfa7bef5582e72b4ca4d23d627afdee62eacf44ef1f28c2dbf446cc832edd4
F00705,ui/feeds/news_fanout.py,4713,python,996a0255f04cb7d59021beb3f015b5aa2446b383b742c2264b1dfa693dd667b0
F00706,ui/feeds/news_runner.py,8585,python,8b36e21d3918884d462b69fb076b4d8143322dc3de924c23d2359db2298d971a
F00707,ui/feeds/pumpfun_runner.py,4888,python,b1e42fc9ee95b3f89846af2ddef73b722e396e50dea8fb9a71ee4a4376c728c7
F00708,ui/feeds/pumpfun_ws.py,11032,python,5a30c6bee1872e0cbb9ec43ecc6cb563c69502ab620689219aefdb8e79ce851b
F00709,ui/feeds/raydium_pools.py,10777,python,d890b4881127cfc091103ad94817975bc83193d891046386313e4d0d3ead5d89
F00710,ui/feeds/raydium_runner.py,5097,python,19d8f8fb5cf0a08304d1df34f248a8a089d35e9ef4699d692ff3cdd73bec99e6
F00711,ui/feeds/runner.py,6477,python,6f06cdf931b52191244d85acc53389f1cb7f7e311934c00aacc0c400b22f8b75
F00712,ui/feeds/tradingview_ideas.py,10218,python,3a8dcd2c570c2a764ccf8ff1f2a30ad2e59b4bbe983ff12e5a95d8ec905d6f69
F00713,ui/governance_routes.py,13226,python,5f50cb94ffd041ee164ec8fe6085ef42fa31c6b581ea47f59f516220fb5e04d3
F00714,ui/plugin_routes.py,11464,python,627417f8bf450829500f0b047e4811bef44d787cda273b161e1f5d1083905aee
F00715,ui/server.py,65113,python,a617325d17d1e70e41590a7260cfdebe13d749556d8214d6c6dad28a632cfcf8
F00716,ui/static/app.js,4309,js,7cb4a2d4f781ef758b7c6aecce6ee7a4c1b1f60b1a2694b5ab1b0ddad6647319
F00717,ui/static/index.html,2876,html,04bf5cdd621ed9ef928359a853f1176a047ec78ca33758943bf52c1680149523
F00718,ui/static/styles.css,3141,css,67c02bc5fa2c8921473ed84172f8a93201d7f090d6eabb02a06d550a788cde16
